time_stretch,pitch_shift,loudness_rms,spectral_centroid,source
1.0,0.0,0.0005103480652906001,10451.801945892974,0
1.0,0.0,0.0006519262096844614,10743.144629471088,0
1.0,0.0,0.0007312090019695461,10704.69303225558,0
1.0,0.0,0.0007258817204274237,10358.852804961145,0
1.0,0.0,0.0007171021425165236,10533.289481308308,0
1.0,0.0,0.0007022669306024909,10574.30913040676,0
1.0,0.0,0.0007268521003425121,10604.817495175917,0
1.0,0.0,0.0007189548341557384,10427.316151858362,0
1.0,0.0,0.0007311559747904539,10596.367582698738,0
1.0,0.0,0.0007204667781479657,10637.940677642047,0
1.0,0.0,0.0007344924379140139,10634.221519415501,0
1.0,0.0,0.0007409557001665235,10627.239988232148,0
1.0,0.0,0.0007131429156288505,10627.046684140769,0
1.0,0.0,0.0007115548942238092,10786.691923581006,0
1.0,0.0,0.0007173605263233185,10696.084510211374,0
1.0,0.0,0.000762328680139035,10459.448523486573,0
1.0,0.0,0.0007684232550673187,10361.893210209126,0
1.0,0.0,0.0007686417666263878,10439.851511249744,0
1.0,0.0,0.0007412295090034604,10701.322703922415,0
1.0,0.0,0.0007192632765509188,10484.158992347686,0
1.0,0.0,0.0007312369998544455,10649.667838852525,0
1.0,0.0,0.0007204089197330177,10487.03213611054,0
1.0,0.0,0.000725646095816046,10485.701843295925,0
1.0,0.0,0.0007147665601223707,10368.038537354985,0
1.0,0.0,0.0007128302240744233,10690.399016875777,0
1.0,0.0,0.0006828163750469685,10697.747641986316,0
1.0,0.0,0.0007013146532699466,10692.080814883117,0
1.0,0.0,0.0007090203580446541,10558.592121870508,0
1.0,0.0,0.0007214570650830865,10351.874667137039,0
1.0,0.0,0.0007388315862044692,10650.951658493004,0
1.0,0.0,0.0007098008645698428,10582.59944723725,0
1.0,0.0,0.000698267889674753,10730.314390218377,0
1.0,0.0,0.0006955291610211134,10962.741130882201,0
1.0,0.0,0.0006700663943774998,10635.184448276756,0
1.0,0.0,0.0006722859689034522,10461.134151321658,0
1.0,0.0,0.0007070732535794377,10966.363858379038,0
1.0,0.0,0.000717474496923387,10786.287109166165,0
1.0,0.0,0.0007512648589909077,10561.395723619999,0
1.0,0.0,0.0007527445559389889,10542.001864820675,0
1.0,0.0,0.0007290680077858269,10440.33452690695,0
1.0,0.0,0.0007518065394833684,10557.871388555383,0
1.0,0.0,0.000756113906390965,10666.405686730424,0
1.0,0.0,0.0007760715088807046,10485.539732435978,0
1.0,0.0,0.0007892908179201186,10259.730222318518,0
1.0,0.0,0.000776331580709666,10375.442216279327,0
1.0,0.0,0.0007498436025343835,10400.18243024348,0
1.0,0.0,0.0007473067380487919,10547.269014009442,0
1.0,0.0,0.0007317250710912049,10612.61437388951,0
1.0,0.0,0.0007325189071707428,10535.535106606741,0
1.0,0.0,0.00072202377486974,10570.310281897688,0
1.0,0.0,0.0007119823130778968,10553.846126426677,0
1.0,0.0,0.0006999571342021227,10828.057747888752,0
1.0,0.0,0.0007082113297656178,10910.617360469494,0
1.0,0.0,0.0007104488904587924,10603.820922822926,0
1.0,0.0,0.0007239452097564936,10691.828181965591,0
1.0,0.0,0.0007409259560517967,10739.855580865385,0
1.0,0.0,0.0007300980505533516,10702.519583089635,0
1.0,0.0,0.0007280923309735954,10874.062473582693,0
1.0,0.0,0.0007249917252920568,10786.398596310872,0
1.0,0.0,0.0007482021464966238,10483.27637154164,0
1.0,0.0,0.0007617053342983127,10367.765663790376,0
1.0,0.0,0.0007458444451913238,10367.506303020436,0
1.0,0.0,0.0007058852352201939,10660.47121634136,0
1.0,0.0,0.0006908071809448302,10615.77329605449,0
1.0,0.0,0.0007087043486535549,10767.191646634254,0
1.0,0.0,0.0007224255823530257,10662.477484756851,0
1.0,0.0,0.0007517642225138843,10491.904412087906,0
1.0,0.0,0.0007442875648848712,10872.019210939015,0
1.0,0.0,0.0007177931256592274,11064.351008842583,0
1.0,0.0,0.0007632809574715793,11063.733177099817,0
1.0,0.0,0.0007471490534953773,10576.90645403322,0
1.0,0.0,0.0007829054957255721,10605.715919358223,0
1.0,0.0,0.0007456947932951152,10422.394205974739,0
1.0,0.0,0.0007546123815700412,10580.758104573206,0
1.0,0.0,0.0007366021163761616,10687.427131785633,0
1.0,0.0,0.0007615195354446769,10543.25418100721,0
1.0,0.0,0.0007678602123633027,10567.04848959896,0
1.0,0.0,0.0007291201036423445,10384.748214459429,0
1.0,0.0,0.0007544682594016194,10745.304428826992,0
1.0,0.0,0.0007618023082613945,10522.36524201143,0
1.0,0.0,0.0007908868137747049,10218.82215034138,0
1.0,0.0,0.0007971826125867665,10372.908139891562,0
1.0,0.0,0.0007486927788704634,10750.476306803655,0
1.0,0.0,0.0007261493592523038,10764.025661111167,0
1.0,0.0,0.0007448861142620444,10458.259369916086,0
1.0,0.0,0.0007468305411748588,10375.020356254438,0
1.0,0.0,0.0007339481962844729,10392.06633205273,0
1.0,0.0,0.0007276620017364621,10558.732922997835,0
1.0,0.0,0.0007257991819642484,10425.006640632504,0
1.0,0.0,0.0007156690116971731,10407.749331109244,0
1.0,0.0,0.0007102463277988136,10817.441340248062,0
1.0,0.0,0.0007243500440381467,10921.380439944644,0
1.0,0.0,0.000723573612049222,10609.829943755209,0
1.0,0.0,0.0007193763158284128,10949.964264319113,0
1.0,0.0,0.0007613429334014654,10739.576139549841,0
1.0,0.0,0.0007487343391403556,10207.12450823701,0
1.0,0.0,0.000765536620747298,10403.19812684555,0
1.0,0.0,0.0007446982781402767,10493.98216938958,0
1.0,0.0,0.0007258368423208594,10405.899542177292,0
1.0,0.0,0.0007432142156176269,10586.087772192739,0
1.0,0.0,0.0007516162004321814,10636.125356690394,0
1.0,0.0,0.0007521347724832594,10502.246718545754,0
1.0,0.0,0.0007638967945240438,10805.569710256254,0
1.0,0.0,0.0007608359446749091,10656.635930330338,0
1.0,0.0,0.0007682848372496665,10283.517901500507,0
1.0,0.0,0.0007687704055570066,10689.122224439723,0
1.0,0.0,0.0007295910036191344,10636.2649542152,0
1.0,0.0,0.0007163788541220129,10280.492036902593,0
1.0,0.0,0.0007165626157075167,10282.665288952234,0
1.0,0.0,0.0006939843879081309,10350.464548239324,0
1.0,0.0,0.000692636298481375,10621.697999326369,0
1.0,0.0,0.0006891271332278848,10656.543862557895,0
1.0,0.0,0.0007186346338130534,10501.122101996169,0
1.0,0.0,0.0007198816165328026,10667.652717701825,0
1.0,0.0,0.0007192859193310142,11016.85756896035,0
1.0,0.0,0.0007147533469833434,10804.30645417962,0
1.0,0.0,0.0007032957510091364,10582.884230023414,0
1.0,0.0,0.0007045656093396246,10712.499470353152,0
1.0,0.0,0.0007310049841180444,10761.320442628428,0
1.0,0.0,0.0007413107668980956,10494.752165072372,0
1.0,0.0,0.000728017941582948,10533.08671440242,0
1.0,0.0,0.0007290764478966594,10738.255874949231,0
1.0,0.0,0.0007101372466422617,10790.364241974159,0
1.0,0.0,0.0007338786381296813,10603.702140943675,0
1.0,0.0,0.0007690889178775251,10628.737801906696,0
1.0,0.0,0.00075642199954018,10511.841438936093,0
1.0,0.0,0.000749843951780349,10540.351772781418,0
1.0,0.0,0.0007374988636001945,10495.297590274145,0
1.0,0.0,0.0007123713148757815,10438.496810085751,0
1.0,0.0,0.0007217488600872457,10772.195355403299,0
1.0,0.0,0.00071553053567186,10383.863528158687,0
1.0,0.0,0.0007354281842708588,10254.438807885883,0
1.0,0.0,0.000727567938156426,10616.735746370718,0
1.0,0.0,0.0007091393927112222,10494.989118630456,0
1.0,0.0,0.0007184607093222439,10942.237797794289,0
1.0,0.0,0.0007047357503324747,11072.515270557456,0
1.0,0.0,0.00071996875340119,10623.515897167359,0
1.0,0.0,0.0007292618392966688,10722.961325377568,0
1.0,0.0,0.0007594720809720457,10560.789038532308,0
1.0,0.0,0.0007494806195609272,10529.007306070907,0
1.0,0.0,0.0007769218063913286,10706.323430570523,0
1.0,0.0,0.0007776364800520241,10636.027998372592,0
1.0,0.0,0.0007650433690287173,10453.473088156381,0
1.0,0.0,0.0007934425375424325,10264.627661223549,0
1.0,0.0,0.0007941651856526732,10404.917009591787,0
1.0,0.0,0.0007596610230393708,10123.627534213148,0
1.0,0.0,0.0007441160269081593,10530.504478212219,0
1.0,0.0,0.0007160801324062049,11074.985804341124,0
1.0,0.0,0.0007165807764977217,10826.276955237185,0
1.0,0.0,0.0007226697052828968,10635.275563804349,0
1.0,0.0,0.0007329045329242945,10501.473665691254,0
1.0,0.0,0.0007350906380452216,10346.592873422738,0
1.0,0.0,0.000765680568292737,10635.931712968708,0
1.0,0.0,0.0007664414006285369,10322.28494374642,0
1.0,0.0,0.0007651304476894438,10440.994884571202,0
1.0,0.0,0.0007600735407322645,10417.799753935273,0
1.0,0.0,0.0007401075563393533,10551.73491207554,0
1.0,0.0,0.0007142468821257353,10590.153819991725,0
1.0,0.0,0.0007172360201366246,10760.603180480954,0
1.0,0.0,0.0006967366789467633,10875.19266920083,0
1.0,0.0,0.0007184244459494948,10664.806913668357,0
1.0,0.0,0.0007340197334997356,10712.241538736915,0
1.0,0.0,0.0007036399329081178,10674.049472648949,0
1.0,0.0,0.0007278448902070522,10784.657472307554,0
1.0,0.0,0.0007374646957032382,10658.579175909606,0
1.0,0.0,0.000737769587431103,10735.107872235352,0
1.0,0.0,0.0007018274627625942,10834.65001737182,0
1.0,0.0,0.0006826816825196147,10420.9889246479,0
1.0,0.0,0.0006904915207996964,10704.855687302363,0
1.0,0.0,0.0007000818150117993,10953.1881618402,0
1.0,0.0,0.0006895616534166038,10744.67292688296,0
1.0,0.0,0.0007174035417847335,10676.361156629893,0
1.0,0.0,0.0007294475799426436,10690.112638706707,0
1.0,0.0,0.0007248120964504778,10455.845737032952,0
1.0,0.0,0.0007524912361986935,10637.952798860593,0
1.0,0.0,0.0007163877016864717,10712.149612821011,0
1.0,0.0,0.0007240173872560263,10651.10946070357,0
1.0,0.0,0.0006961895269341767,10614.575246648295,0
1.0,0.0,0.0007081231451593339,10706.929556016868,0
1.0,0.0,0.0007152985199354589,10711.826815551802,0
1.0,0.0,0.0007383396732620895,10788.669763476446,0
1.0,0.0,0.0007500152569264174,10771.536456035337,0
1.0,0.0,0.0007361408206634223,10574.016838684813,0
1.0,0.0,0.0007224629516713321,10586.695241663052,0
1.0,0.0,0.0007414462743327022,10749.81057597379,0
1.0,0.0,0.0007209404720924795,10489.969154166938,0
1.0,0.0,0.0007092892192304134,10628.335027481344,0
1.0,0.0,0.0007324671605601907,10516.292400365855,0
1.0,0.0,0.0007551587768830359,10337.378142476195,0
1.0,0.0,0.0007901911740191281,10146.122167042653,0
1.0,0.0,0.0008039735839702189,10522.79435336058,0
1.0,0.0,0.0007524012471549213,10500.044781716031,0
1.0,0.0,0.0007198707317002118,10735.222264780856,0
1.0,0.0,0.0007192434859462082,10904.590954808853,0
1.0,0.0,0.0007108041318133473,10735.179011955968,0
1.0,0.0,0.000716059876140207,10285.352653577833,0
1.0,0.0,0.0007165903225541115,10329.836908911117,0
1.0,0.0,0.0007059382041916251,10536.094040526572,0
1.0,0.0,0.000721159391105175,10826.413986288531,0
1.0,0.0,0.0007149487501010299,10628.331241028904,0
1.0,0.0,0.0007462372304871678,10468.81786122299,0
1.0,0.0,0.0007433678838424385,10607.391238890228,0
1.0,0.0,0.0007303268648684025,10800.782570487647,0
1.0,0.0,0.0006919326260685921,10586.567272304974,0
1.0,0.0,0.0006838236004114151,10830.939168387802,0
1.0,0.0,0.000678624608553946,10838.783316269884,0
1.0,0.0,0.0007245859014801681,10754.349092962855,0
1.0,0.0,0.0007337394054047763,10151.627265658499,0
1.0,0.0,0.0007314136601053178,10813.318952607271,0
1.0,0.0,0.0007185331778600812,10750.96443544756,0
1.0,0.0,0.0007029614644125104,10825.025386532001,0
1.0,0.0,0.0007146327989175916,10813.429008480962,0
1.0,0.0,0.0007131707388907671,10614.69695819126,0
1.0,0.0,0.0007059180643409491,10428.018368865436,0
1.0,0.0,0.0007815183489583433,10628.664241350005,0
1.0,0.0,0.0007776106940582395,10361.137823147677,0
1.0,0.0,0.0007579323719255626,10694.101723107882,0
1.0,0.0,0.0006850342615507543,10921.960420936332,0
1.0,0.0,0.0006642627995461226,10877.827131497066,0
1.0,0.0,0.0006730823079124093,10587.802466104667,0
1.0,0.0,0.0006889896467328072,10482.465644979424,0
1.0,0.0,0.0007251868373714387,10770.737071418005,0
1.0,0.0,0.0007324310136027634,10686.594823532552,0
1.0,0.0,0.0007419884786941111,10646.347102078335,0
1.0,0.0,0.0007329265354201198,10753.069842384724,0
1.0,0.0,0.0007191806798800826,10728.689382675257,0
1.0,0.0,0.0006861696019768715,10443.437578370582,0
1.0,0.0,0.000680578057654202,10575.261205509152,0
1.0,0.0,0.0007045796373859048,10640.731067695531,0
1.0,0.0,0.0007469913689419627,10657.44232308179,0
1.0,0.0,0.0007633949862793088,10375.718755182526,0
1.0,0.0,0.0007585068815387785,10541.164156083672,0
1.0,0.0,0.0007107704295776784,10858.859401170135,0
1.0,0.0,0.0006994774448685348,10454.630600196386,0
1.0,0.0,0.0006943705957382917,10404.60803262159,0
1.0,0.0,0.0007078921189531684,10973.147307898078,0
1.0,0.0,0.0006900335429236293,10994.439749254594,0
1.0,0.0,0.0006937147118151188,10816.699938768143,0
1.0,0.0,0.0007367613725364208,10637.833400254991,0
1.0,0.0,0.000744262826628983,10492.4774595384,0
1.0,0.0,0.0007534348405897617,10790.67078499935,0
1.0,0.0,0.0007136871572583914,10672.45445498863,0
1.0,0.0,0.0006983564235270023,10668.622486956283,0
1.0,0.0,0.0007053274312056601,10868.369056314259,0
1.0,0.0,0.0007068737177178264,10507.495856876567,0
1.0,0.0,0.0007118952344171703,10299.479143577033,0
1.0,0.0,0.0007197331869974732,10543.828565031637,0
1.0,0.0,0.000727910955902189,10711.991787181629,0
1.0,0.0,0.0007162779802456498,10516.503733662947,0
1.0,0.0,0.0007220007246360183,10469.131047587141,0
1.0,0.0,0.0007156967185437679,10593.373125501836,0
1.0,0.0,0.0007090448052622378,10645.11289277513,0
1.0,0.0,0.0007348667713813484,10825.872449024351,0
1.0,0.0,0.0007738180574961007,10640.702449843078,0
1.0,0.0,0.0007796146092005074,10257.544650742224,0
1.0,0.0,0.0007936535403132439,10315.976537174221,0
1.0,0.0,0.0007896313909441233,10438.251826728554,0
1.0,0.0,0.0007440295885317028,10479.33619871788,0
1.0,0.0,0.0007478003390133381,10557.407267543367,0
1.0,0.0,0.0007469335687346756,10485.076174780948,0
1.0,0.0,0.0007296405383385718,10548.193639740493,0
1.0,0.0,0.0007547768764197826,10486.559388036547,0
1.0,0.0,0.000764557858929038,10528.580956226604,0
1.0,0.0,0.0007767151691950858,10177.364948471095,0
1.0,0.0,0.0007436478044837713,10331.14396434398,0
1.0,0.0,0.0007165704155340791,11033.08908416596,0
1.0,0.0,0.0007027959218248725,10914.626536359567,0
1.0,0.0,0.000724213954526931,10551.587948873621,0
1.0,0.0,0.0007420782931149006,10677.557698891063,0
1.0,0.0,0.0007114089676178992,10529.458167609675,0
1.0,0.0,0.0007112194434739649,10736.919211831018,0
1.0,0.0,0.0006877731648273766,10650.497207201797,0
1.0,0.0,0.0007028983091004193,10737.835083795893,0
1.0,0.0,0.0007114366162568331,10721.19353910784,0
1.0,0.0,0.0007284189923666418,10704.312893415765,0
1.0,0.0,0.000708984094671905,10556.99651100306,0
1.0,0.0,0.0007440846529789269,10430.957353314481,0
1.0,0.0,0.0007964768446981907,10382.892085891257,0
1.0,0.0,0.0008094427757896483,10329.729197346462,0
1.0,0.0,0.0007984976982697845,10260.720564365214,0
1.0,0.0,0.0007835206924937665,11027.897887600731,0
1.0,0.0,0.0007217450183816254,10731.72322740377,0
1.0,0.0,0.0007235011435113847,10682.847080417367,0
1.0,0.0,0.0007255533128045499,10608.110056881162,0
1.0,0.0,0.0007049577543511987,10514.308934882414,0
1.0,0.0,0.0006947608781047165,10603.636630737874,0
1.0,0.0,0.0007197455270215869,10802.89563588829,0
1.0,0.0,0.000730686413589865,10357.604909845411,0
1.0,0.0,0.0007442006608471274,10296.710877868762,0
1.0,0.0,0.000747305282857269,10411.259067943538,0
1.0,0.0,0.0007235172088257968,10807.539846155356,0
1.0,0.0,0.0007074535824358463,10897.370918949646,0
1.0,0.0,0.000718369148671627,10766.56499632265,0
1.0,0.0,0.000712247216142714,10589.101664332984,0
1.0,0.0,0.0007241141865961254,10349.090633108039,0
1.0,0.0,0.0007539637153968215,10631.551630036822,0
1.0,0.0,0.000745333032682538,10743.902297915696,0
1.0,0.0,0.000786689342930913,10502.770895947451,0
1.0,0.0,0.0007921263459138572,10368.435304841736,0
1.0,0.0,0.0007696821703575552,10563.288687683067,0
1.0,0.0,0.0007466049864888191,10568.320517085122,0
1.0,0.0,0.0007198468665592372,10341.22487927807,0
1.0,0.0,0.0007144359988160431,10614.006387750187,0
1.0,0.0,0.0007406271179206669,10566.03518183331,0
1.0,0.0,0.0007293012458831072,10705.38062466736,0
1.0,0.0,0.0007409449317492545,10820.887968013767,0
1.0,0.0,0.0007273792289197445,10728.94066244824,0
1.0,0.0,0.0007264608866535127,10607.387278463451,0
1.0,0.0,0.0007076034671626985,10458.488941106878,0
1.0,0.0,0.0007096022600308061,10656.072896078065,0
1.0,0.0,0.0007051288266666234,10693.632240097966,0
1.0,0.0,0.0007003633654676378,10737.957377123346,0
1.0,0.0,0.0007029493572190404,10811.700329024225,0
1.0,0.0,0.00072059704689309,10611.192458413592,0
1.0,0.0,0.0007116259075701237,10536.698770848523,0
1.0,0.0,0.0007222751737572253,10589.203354288162,0
1.0,0.0,0.0007173807243816555,10672.092717396185,0
1.0,0.0,0.0006970426184125245,10774.240847748175,0
1.0,0.0,0.0007056128233671188,10537.147722099373,0
1.0,0.0,0.0007422978524118662,10488.326670738365,0
1.0,0.0,0.0007521819206885993,10488.67269950713,0
1.0,0.0,0.0007800828316248953,10659.773977314966,0
1.0,0.0,0.000787188473623246,10261.272961460576,0
1.0,0.0,0.0007731192745268345,10324.426682854855,0
1.0,0.0,0.0007399384630843997,10646.48284800779,0
1.0,0.0,0.000753439380787313,11034.43798557706,0
1.0,0.0,0.0007268409826792777,10505.739979299147,0
1.0,0.0,0.0007201057160273194,10407.339645404018,0
1.0,0.0,0.0007266083266586065,10422.951731169891,0
1.0,0.0,0.0007342867902480066,10452.648839163121,0
1.0,0.0,0.000755858316551894,10699.88412763656,0
1.0,0.0,0.0007589074084535241,10252.493348286787,0
1.0,0.0,0.0008015779312700033,10212.769226052023,0
1.0,0.0,0.0007838935125619173,10656.389587306205,0
1.0,0.0,0.0007737558335065842,10785.767968903676,0
1.0,0.0,0.0007434491417370737,10949.907729955245,0
1.0,0.0,0.0007192851626314223,10877.888057398697,0
1.0,0.0,0.000729602761566639,11014.014640927551,0
1.0,0.0,0.0007227783207781613,10600.722323793781,0
1.0,0.0,0.0007155785569921136,10607.21030024771,0
1.0,0.0,0.0007162436959333718,10721.944772308163,0
1.0,0.0,0.0007316670962609351,10815.724665056105,0
1.0,0.0,0.0007410408579744399,10572.301339428715,0
1.0,0.0,0.0007535430486313999,10407.455644985523,0
1.0,0.0,0.0007614372880198061,10516.287704068633,0
1.0,0.0,0.0007805871427990496,10478.182970583057,0
1.0,0.0,0.0007504437235184014,10540.90279984129,0
1.0,0.0,0.0007690737256780267,10620.678915755825,0
1.0,0.0,0.00075825973181054,10511.63397565713,0
1.0,0.0,0.000725677062291652,10439.067751366878,0
1.0,0.0,0.0007440191693603992,10697.432768785156,0
1.0,0.0,0.0007723665912635624,10817.270431377148,0
1.0,0.0,0.0007987854769453406,10403.8816505104,0
1.0,0.0,0.0008011171012185514,9933.255129052017,0
1.0,0.0,0.0008464483544230461,10550.927229918123,0
1.0,0.0,0.0007358287693932652,10537.9671385527,0
1.0,0.0,0.0007691221544519067,10644.671404738456,0
1.0,0.0,0.0007349576335400343,10162.590500139324,0
1.0,0.0,0.000767463177908212,10361.891256010198,0
1.0,0.0,0.0007639738614670932,10355.722445210897,0
1.0,0.0,0.0007763952016830444,10542.928058581667,0
1.0,0.0,0.0007546534179709852,10532.062477790041,0
1.0,0.0,0.0007304491591639817,10535.632524545388,0
1.0,0.0,0.0007102963863871992,10729.200631710924,0
1.0,0.0,0.0007358348811976612,10347.102105011743,0
1.0,0.0,0.0007421229383908212,10347.324535632888,0
1.0,0.0,0.0007866958039812744,10604.94151417713,0
1.0,0.0,0.0007778440485708416,10365.815665059563,0
1.0,0.0,0.0007792547694407403,10409.427919055775,0
1.0,0.0,0.0007225344306789339,10713.507052250785,0
1.0,0.0,0.000704839825630188,10778.683367368834,0
1.0,0.0,0.0006904118927195668,10596.38293490072,0
1.0,0.0,0.0006917744758538902,10726.967369871894,0
1.0,0.0,0.0007212191703729331,10699.485998430315,0
1.0,0.0,0.0007289521745406091,10630.501967452457,0
1.0,0.0,0.0007293748203665018,10249.103390503842,0
1.0,0.0,0.0007301764562726021,10615.857479580605,0
1.0,0.0,0.000717239803634584,10651.851273248893,0
1.0,0.0,0.000733503489755094,10594.62606936851,0
1.0,0.0,0.0007283329614438117,10742.112441415327,0
1.0,0.0,0.0007133105536922812,10584.205379987985,0
1.0,0.0,0.000707639439497143,10816.807466253453,0
1.0,0.0,0.0007166791474446654,10645.673979456318,0
1.0,0.0,0.0007159702363424003,10667.184257508947,0
1.0,0.0,0.0007487330585718155,10701.864558823267,0
1.0,0.0,0.0007765462505631149,10425.627011368937,0
1.0,0.0,0.0007500525680370629,10316.67704484137,0
1.0,0.0,0.0007360655581578612,10793.116288985939,0
1.0,0.0,0.0007375417626462877,10847.003879760412,0
1.0,0.0,0.0007154885679483414,10546.020083446892,0
1.0,0.0,0.0007283914019353688,10483.495224977221,0
1.0,0.0,0.0007354135159403086,10311.363569863734,0
1.0,0.0,0.0007197880186140537,10515.347906350777,0
1.0,0.0,0.0007601681863889098,10713.909524436864,0
1.0,0.0,0.0007631854969076812,10574.544342786914,0
1.0,0.0,0.0007566699059680104,10462.299043889918,0
1.0,0.0,0.0007944093667902052,10744.32605100449,0
1.0,0.0,0.0007732792873866856,10581.354015671259,0
1.0,0.0,0.0007706827600486577,10705.067809031061,0
1.0,0.0,0.0007348402286879718,10492.91023275959,0
1.0,0.0,0.0007131926831789315,10553.62289632934,0
1.0,0.0,0.000698321673553437,10490.530030453783,0
1.0,0.0,0.0007198306848295033,10718.751340515351,0
1.0,0.0,0.0007246182067319751,10855.829131367434,0
1.0,0.0,0.0007106204284355044,10752.095294947203,0
1.0,0.0,0.0006953973206691444,10745.053162918193,0
1.0,0.0,0.000700034317560494,10799.962087545004,0
1.0,0.0,0.0007035820744931698,10523.274693466215,0
1.0,0.0,0.0007270561764016747,10637.041134629138,0
1.0,0.0,0.000755451328586787,10797.009341112003,0
1.0,0.0,0.0007424640352837741,10493.581596809689,0
1.0,0.0,0.0007639341638423502,10309.827988252284,0
1.0,0.0,0.0007638548268005252,10347.11093641682,0
1.0,0.0,0.0007355705602094531,10520.063456389287,0
1.0,0.0,0.0007481078500859439,10544.701656982448,0
1.0,0.0,0.0007403646013699472,10508.193804153425,0
1.0,0.0,0.0007355267880484462,10747.143396285323,0
1.0,0.0,0.0007388056837953627,10829.895520463731,0
1.0,0.0,0.0007491258438676596,10536.473143537773,0
1.0,0.0,0.000737961963750422,10426.803968028984,0
1.0,0.0,0.0007511730655096471,10568.923043758245,0
1.0,0.0,0.055057186633348465,4292.217810397179,0
1.0,0.0,0.10843250900506973,3624.1638986543885,0
1.0,0.0,0.1463593691587448,2851.3103993205104,0
1.0,0.0,0.16373755037784576,2629.65593898118,0
1.0,0.0,0.16163818538188934,2559.733262285353,0
1.0,0.0,0.1397327035665512,2614.746175424422,0
1.0,0.0,0.11615292727947235,2541.1724963263446,0
1.0,0.0,0.09847366809844971,2619.463827625117,0
1.0,0.0,0.08393469452857971,2643.555576433531,0
1.0,0.0,0.06953531503677368,2701.9034647181807,0
1.0,0.0,0.05453694984316826,2844.638623918926,0
1.0,0.0,0.04121134802699089,3109.356796108685,0
1.0,0.0,0.03748739883303642,3285.6082143598333,0
1.0,0.0,0.0630350187420845,3655.555994897491,0
1.0,0.0,0.11229465156793594,3264.090823565435,0
1.0,0.0,0.14469487965106964,2605.715034535558,0
1.0,0.0,0.1582522988319397,2476.6878811503516,0
1.0,0.0,0.1555875837802887,2417.0646523068676,0
1.0,0.0,0.138424813747406,2466.8515228581355,0
1.0,0.0,0.12161044776439667,2332.275656283627,0
1.0,0.0,0.10686840862035751,2444.599721256185,0
1.0,0.0,0.09174513071775436,2476.8879329183337,0
1.0,0.0,0.07849732041358948,2551.7293174367196,0
1.0,0.0,0.0632752776145935,2628.8455676205604,0
1.0,0.0,0.04887846112251282,2742.8427910376413,0
1.0,0.0,0.03810672089457512,3054.713861304735,0
1.0,0.0,0.04037749022245407,3480.0001829944467,0
1.0,0.0,0.06011481210589409,3380.9796423198786,0
1.0,0.0,0.08978622406721115,2840.6030984976455,0
1.0,0.0,0.10631921142339706,2432.6044916143187,0
1.0,0.0,0.10975214093923569,2384.517671935458,0
1.0,0.0,0.10192833840847015,2481.5165641185977,0
1.0,0.0,0.08142350614070892,2374.918773861929,0
1.0,0.0,0.07312783598899841,2558.259426211044,0
1.0,0.0,0.058152295649051666,2580.0657533427634,0
1.0,0.0,0.052711281925439835,2807.2986906687465,0
1.0,0.0,0.040107328444719315,2845.7744600039287,0
1.0,0.0,0.03399304300546646,3104.049819768024,0
1.0,0.0,0.027549950405955315,3269.5476158970487,0
1.0,0.0,0.05393455550074577,3634.988152175517,0
1.0,0.0,0.0994855985045433,3316.8414537045614,0
1.0,0.0,0.12996995449066162,2618.3578365526055,0
1.0,0.0,0.14632545411586761,2480.3698292092986,0
1.0,0.0,0.1459788978099823,2387.6260337337953,0
1.0,0.0,0.13293609023094177,2416.9875599115544,0
1.0,0.0,0.1162596195936203,2340.942718532291,0
1.0,0.0,0.10450628399848938,2393.1647623886242,0
1.0,0.0,0.09178759902715683,2467.7171206047274,0
1.0,0.0,0.07662425935268402,2459.8471928080094,0
1.0,0.0,0.06257353723049164,2550.712299146322,0
1.0,0.0,0.049549609422683716,2763.329595777507,0
1.0,0.0,0.03775127977132797,2941.982028642897,0
1.0,0.0,0.03293565288186073,3080.124895738074,0
1.0,0.0,0.048871029168367386,3548.7455395982693,0
1.0,0.0,0.0835639163851738,3574.3727864198054,0
1.0,0.0,0.1195506677031517,2851.9026904735583,0
1.0,0.0,0.13371597230434418,2516.5008123955145,0
1.0,0.0,0.13733865320682526,2499.818186212837,0
1.0,0.0,0.11757039278745651,2494.65526027206,0
1.0,0.0,0.09960275143384933,2494.382628572181,0
1.0,0.0,0.08241093903779984,2532.9927494236936,0
1.0,0.0,0.07207269221544266,2700.4438052138776,0
1.0,0.0,0.05867158994078636,2662.425889266487,0
1.0,0.0,0.048177286982536316,2810.309742675783,0
1.0,0.0,0.03958163037896156,3046.30679451545,0
1.0,0.0,0.0328700877726078,3124.3726901749837,0
1.0,0.0,0.03213220834732056,3094.7618393765756,0
1.0,0.0,0.06659641861915588,3128.2342264519675,0
1.0,0.0,0.09971477836370468,2976.244101718011,0
1.0,0.0,0.11241479218006134,2367.1525112282106,0
1.0,0.0,0.11684272438287735,2552.818277216856,0
1.0,0.0,0.10561072826385498,2365.382688377809,0
1.0,0.0,0.1177816316485405,2267.286906086786,0
1.0,0.0,0.13720066845417023,2074.525840808006,0
1.0,0.0,0.16400639712810516,1860.4903470470033,0
1.0,0.0,0.18956799805164337,1723.2121019731403,0
1.0,0.0,0.2121729552745819,1591.4122852921219,0
1.0,0.0,0.22680829465389252,1534.109397329298,0
1.0,0.0,0.2364058941602707,1429.7320497706328,0
1.0,0.0,0.24201373755931854,1443.19793190459,0
1.0,0.0,0.2427598387002945,1453.9192106394883,0
1.0,0.0,0.2355319708585739,2074.538336497885,0
1.0,0.0,0.2092842161655426,2235.2236200447805,0
1.0,0.0,0.17477039992809296,2134.3256614769834,0
1.0,0.0,0.13055206835269928,2306.638474707254,0
1.0,0.0,0.09513115882873535,2322.304634046106,0
1.0,0.0,0.08911879360675812,2178.52271021071,0
1.0,0.0,0.09816542267799377,2110.4738098182274,0
1.0,0.0,0.10945133119821548,2034.1351943958825,0
1.0,0.0,0.12162022292613983,1961.5330280658577,0
1.0,0.0,0.12797541916370392,1855.2036779855084,0
1.0,0.0,0.1344277411699295,2053.0563377771573,0
1.0,0.0,0.13751959800720215,2516.6928599867197,0
1.0,0.0,0.12736594676971436,2227.324537483211,0
1.0,0.0,0.10993365198373795,2283.659971140162,0
1.0,0.0,0.09326639026403427,2310.6255876052232,0
1.0,0.0,0.08567400276660919,2220.536560946695,0
1.0,0.0,0.09156317263841629,2126.923611212455,0
1.0,0.0,0.10817649215459824,2052.1074539496176,0
1.0,0.0,0.12368942052125931,1871.3750804487288,0
1.0,0.0,0.14355362951755524,1775.5372340906815,0
1.0,0.0,0.15255561470985413,1684.0273528627658,0
1.0,0.0,0.15882699191570282,1557.0071630494788,0
1.0,0.0,0.16331210732460022,1599.0422272785434,0
1.0,0.0,0.18225359916687012,2236.659279998432,0
1.0,0.0,0.21599116921424866,2700.544179768004,0
1.0,0.0,0.236026331782341,2359.415231433374,0
1.0,0.0,0.2479754239320755,2024.6631191394138,0
1.0,0.0,0.23333652317523956,1972.2596091271403,0
1.0,0.0,0.21047255396842957,1846.8732773580264,0
1.0,0.0,0.19666334986686707,1839.052618921067,0
1.0,0.0,0.1794893592596054,1591.1745533406402,0
1.0,0.0,0.176937535405159,1518.8714059687559,0
1.0,0.0,0.1767502874135971,1407.0038749276803,0
1.0,0.0,0.1786072701215744,1407.0686484028276,0
1.0,0.0,0.1717124581336975,1428.2790889554212,0
1.0,0.0,0.16543851792812347,1389.8723960676448,0
1.0,0.0,0.1644265353679657,1392.8025037219306,0
1.0,0.0,0.16551809012889862,1295.2341474312582,0
1.0,0.0,0.17327502369880676,1234.6590747046737,0
1.0,0.0,0.1865985244512558,1204.922949638128,0
1.0,0.0,0.19970637559890747,1179.3243242073227,0
1.0,0.0,0.2146432250738144,1178.1215495734907,0
1.0,0.0,0.2607150077819824,1173.7501726894297,0
1.0,0.0,0.2836124002933502,1012.4532366153992,0
1.0,0.0,0.3054249882698059,1005.143925416148,0
1.0,0.0,0.30024832487106323,1009.6099069554873,0
1.0,0.0,0.30377069115638733,979.6758198453855,0
1.0,0.0,0.2902817130088806,945.6205896807563,0
1.0,0.0,0.2802678644657135,940.792745672724,0
1.0,0.0,0.26988163590431213,930.6216609092684,0
1.0,0.0,0.259985089302063,936.5274289683628,0
1.0,0.0,0.2293563187122345,950.982458154878,0
1.0,0.0,0.2092239409685135,984.3175591018287,0
1.0,0.0,0.1955810934305191,1006.1704573049082,0
1.0,0.0,0.19183319807052612,1066.7152274287132,0
1.0,0.0,0.1871839463710785,1443.1919282471204,0
1.0,0.0,0.19667121767997742,1422.9261837830225,0
1.0,0.0,0.2087627798318863,1418.0533227678145,0
1.0,0.0,0.19116069376468658,1381.0261426047896,0
1.0,0.0,0.20348110795021057,1290.3950504425754,0
1.0,0.0,0.2167350947856903,1191.0445438084912,0
1.0,0.0,0.21284107863903046,1145.7275502772281,0
1.0,0.0,0.20464244484901428,1122.9245004376294,0
1.0,0.0,0.21358728408813477,1087.211039157117,0
1.0,0.0,0.2111932337284088,1035.693536727486,0
1.0,0.0,0.20599858462810516,1043.8394060568055,0
1.0,0.0,0.20160195231437683,1039.30520658275,0
1.0,0.0,0.21419216692447662,1132.3710139345321,0
1.0,0.0,0.2070980817079544,1553.4344554301895,0
1.0,0.0,0.21542201936244965,1561.948135323219,0
1.0,0.0,0.21274776756763458,1335.9370870440207,0
1.0,0.0,0.2118808627128601,1374.0092613247793,0
1.0,0.0,0.19640792906284332,1277.6096407365724,0
1.0,0.0,0.19762979447841644,1244.0757985649245,0
1.0,0.0,0.16830193996429443,1242.4418483921945,0
1.0,0.0,0.16399319469928741,1207.788691646894,0
1.0,0.0,0.14895884692668915,1316.5824892324258,0
1.0,0.0,0.13867664337158203,1269.894506207245,0
1.0,0.0,0.1381562352180481,1317.6230672683187,0
1.0,0.0,0.13077643513679504,1323.9008310241827,0
1.0,0.0,0.12444034218788147,1260.6063630002175,0
1.0,0.0,0.12531930208206177,1774.3309378361075,0
1.0,0.0,0.12665364146232605,2253.3338726076154,0
1.0,0.0,0.14031687378883362,2056.9356905204904,0
1.0,0.0,0.15594592690467834,1852.2986681335915,0
1.0,0.0,0.16657716035842896,1700.3485431575464,0
1.0,0.0,0.1766863912343979,1509.0972572655692,0
1.0,0.0,0.1764773279428482,1464.863267244289,0
1.0,0.0,0.17673420906066895,1415.4359081731839,0
1.0,0.0,0.1682475507259369,1321.2827191043461,0
1.0,0.0,0.1560162603855133,1356.916371856253,0
1.0,0.0,0.13889989256858826,1354.7366149875827,0
1.0,0.0,0.1363292634487152,1955.6525393174331,0
1.0,0.0,0.15275011956691742,2570.144112534312,0
1.0,0.0,0.17305074632167816,2279.8417909906902,0
1.0,0.0,0.18625280261039734,1871.3426917628326,0
1.0,0.0,0.18183574080467224,1880.882474315165,0
1.0,0.0,0.16108497977256775,1779.5532807856928,0
1.0,0.0,0.1465223729610443,1772.3102852044044,0
1.0,0.0,0.11895953118801117,1789.924744884577,0
1.0,0.0,0.0963064432144165,1895.70216434352,0
1.0,0.0,0.07404795289039612,2091.267841700583,0
1.0,0.0,0.060174185782670975,2231.9688710409555,0
1.0,0.0,0.05091136693954468,2339.293388208648,0
1.0,0.0,0.053528793156147,2203.574596553944,0
1.0,0.0,0.0625997930765152,2028.2730323684339,0
1.0,0.0,0.07991236448287964,1885.9277410935038,0
1.0,0.0,0.12320549786090851,1478.1890551416636,0
1.0,0.0,0.1600254625082016,1703.4328098064648,0
1.0,0.0,0.19923292100429535,2011.8490418318604,0
1.0,0.0,0.22940854728221893,1673.6672499371032,0
1.0,0.0,0.24017642438411713,1534.9330213161527,0
1.0,0.0,0.2536730170249939,1323.5515034969008,0
1.0,0.0,0.2699931263923645,1179.4324514528976,0
1.0,0.0,0.269687682390213,1086.5878311426843,0
1.0,0.0,0.2673156261444092,1071.3796515343163,0
1.0,0.0,0.2934409976005554,1038.3918085721639,0
1.0,0.0,0.3106744587421417,967.0270948511737,0
1.0,0.0,0.2999821901321411,961.957818144697,0
1.0,0.0,0.2989836037158966,911.7325406693343,0
1.0,0.0,0.3104093372821808,926.5930705721855,0
1.0,0.0,0.29843348264694214,944.715556735084,0
1.0,0.0,0.28309088945388794,946.8301006933405,0
1.0,0.0,0.2889949083328247,989.808548214821,0
1.0,0.0,0.28946664929389954,1058.8686045649774,0
1.0,0.0,0.2805524468421936,1018.1526342671702,0
1.0,0.0,0.27123162150382996,1039.2286594270424,0
1.0,0.0,0.26279976963996887,1028.929902492991,0
1.0,0.0,0.2441350519657135,1036.08979239054,0
1.0,0.0,0.2172001600265503,1062.604392894456,0
1.0,0.0,0.2077631801366806,1015.3302892602042,0
1.0,0.0,0.20670539140701294,1009.1177225704033,0
1.0,0.0,0.2042798399925232,1020.5887417285538,0
1.0,0.0,0.19286158680915833,996.7174426384261,0
1.0,0.0,0.18677233159542084,1019.5071150674142,0
1.0,0.0,0.17968140542507172,990.2592286464484,0
1.0,0.0,0.17369142174720764,1011.0211109967651,0
1.0,0.0,0.1840711385011673,1238.8125726774354,0
1.0,0.0,0.2160847932100296,1471.8026580014484,0
1.0,0.0,0.21784745156764984,1312.4833183468393,0
1.0,0.0,0.23246663808822632,1367.1022196139893,0
1.0,0.0,0.24319696426391602,1170.305199358975,0
1.0,0.0,0.24761393666267395,1107.4980798728177,0
1.0,0.0,0.23793330788612366,1121.4595936194664,0
1.0,0.0,0.2369755655527115,1090.6962024218624,0
1.0,0.0,0.23180456459522247,995.2147889480673,0
1.0,0.0,0.2186703234910965,967.5252830027407,0
1.0,0.0,0.18999652564525604,1356.8727589738712,0
1.0,0.0,0.17051762342453003,1915.3271215286634,0
1.0,0.0,0.17339012026786804,1910.2375331719193,0
1.0,0.0,0.1774834394454956,1714.86114369589,0
1.0,0.0,0.19326436519622803,1567.2218087085669,0
1.0,0.0,0.20084364712238312,1459.709588635975,0
1.0,0.0,0.19856266677379608,1413.655425039765,0
1.0,0.0,0.1957060992717743,1412.1036028967483,0
1.0,0.0,0.18847757577896118,1340.783815147808,0
1.0,0.0,0.18666774034500122,1361.41068862901,0
1.0,0.0,0.18230688571929932,1329.3614187510905,0
1.0,0.0,0.18149523437023163,1289.9202595569775,0
1.0,0.0,0.18110108375549316,1316.2621567078577,0
1.0,0.0,0.1782732903957367,1313.8259683012686,0
1.0,0.0,0.1861548125743866,2006.7088921981763,0
1.0,0.0,0.2209058403968811,2432.764450784279,0
1.0,0.0,0.24696587026119232,2067.552759314598,0
1.0,0.0,0.25763583183288574,1769.4768379902264,0
1.0,0.0,0.23891742527484894,1740.463378208925,0
1.0,0.0,0.21437205374240875,1655.8576837446803,0
1.0,0.0,0.1913822740316391,1675.0744639654386,0
1.0,0.0,0.15887011587619781,1687.5102928956796,0
1.0,0.0,0.12653625011444092,1735.6716487978188,0
1.0,0.0,0.09759481251239777,1888.9435813587413,0
1.0,0.0,0.07472748309373856,1960.1310308364093,0
1.0,0.0,0.06382632255554199,2081.628702587815,0
1.0,0.0,0.057685740292072296,2095.0288735067497,0
1.0,0.0,0.06793703883886337,2190.801657518098,0
1.0,0.0,0.11032950133085251,3060.731953208069,0
1.0,0.0,0.11761350184679031,2573.7914198661106,0
1.0,0.0,0.1267930418252945,2366.9346173279478,0
1.0,0.0,0.12384221702814102,2475.994340668707,0
1.0,0.0,0.11313822865486145,2285.290345445784,0
1.0,0.0,0.12649503350257874,2066.4762285893394,0
1.0,0.0,0.1530662178993225,1925.3548372146245,0
1.0,0.0,0.18028037250041962,1752.9600108683726,0
1.0,0.0,0.20581530034542084,1613.1537513248861,0
1.0,0.0,0.22595693171024323,1526.7653743528383,0
1.0,0.0,0.23953977227210999,1468.3272085003887,0
1.0,0.0,0.24811621010303497,1381.940346405879,0
1.0,0.0,0.25044405460357666,1406.1747183452014,0
1.0,0.0,0.26201504468917847,1971.7100137059117,0
1.0,0.0,0.24977779388427734,2690.9412946903008,0
1.0,0.0,0.23468534648418427,2344.912861700464,0
1.0,0.0,0.21590454876422882,2205.0762778464514,0
1.0,0.0,0.22005246579647064,1936.6918238734497,0
1.0,0.0,0.22003690898418427,1662.8412475476796,0
1.0,0.0,0.2428857833147049,1589.416094057114,0
1.0,0.0,0.2497694343328476,1439.4686786495542,0
1.0,0.0,0.26263830065727234,1413.5251274817338,0
1.0,0.0,0.2868060767650604,1364.9286341123097,0
1.0,0.0,0.2931026518344879,1285.6443795354185,0
1.0,0.0,0.30584749579429626,1210.1886543666235,0
1.0,0.0,0.30928391218185425,1227.2305214819753,0
1.0,0.0,0.31136354804039,1208.497041913891,0
1.0,0.0,0.3188539147377014,1172.149219021474,0
1.0,0.0,0.3220047354698181,1104.9132641272631,0
1.0,0.0,0.34293556213378906,1057.5535640817386,0
1.0,0.0,0.33942165970802307,1064.347680134008,0
1.0,0.0,0.3333732485771179,1074.8020650247065,0
1.0,0.0,0.2984386086463928,1020.4846768969735,0
1.0,0.0,0.2915317416191101,1013.7208648797891,0
1.0,0.0,0.27962827682495117,1068.7787038970698,0
1.0,0.0,0.24179987609386444,1040.25885987684,0
1.0,0.0,0.23126032948493958,1091.1645427211884,0
1.0,0.0,0.21236076951026917,1119.2428940788643,0
1.0,0.0,0.1893613338470459,1093.5666881223779,0
1.0,0.0,0.18778160214424133,1163.8872173252896,0
1.0,0.0,0.18884772062301636,1105.1499695730122,0
1.0,0.0,0.1895563155412674,1200.60203448759,0
1.0,0.0,0.19839665293693542,1328.3301779667174,0
1.0,0.0,0.1990060657262802,1245.325248972849,0
1.0,0.0,0.21045012772083282,1178.290219671407,0
1.0,0.0,0.22438061237335205,1209.352658273804,0
1.0,0.0,0.2250005602836609,1098.654703310757,0
1.0,0.0,0.23427392542362213,1088.0931386401674,0
1.0,0.0,0.2373349368572235,1074.701893785361,0
1.0,0.0,0.24079649150371552,1067.0592292858469,0
1.0,0.0,0.23065431416034698,1065.2205861597897,0
1.0,0.0,0.22745399177074432,1055.5631257231341,0
1.0,0.0,0.22455304861068726,1065.6228024572702,0
1.0,0.0,0.20947709679603577,1191.5975505958395,0
1.0,0.0,0.20387713611125946,1928.343633973324,0
1.0,0.0,0.19049155712127686,1873.4385449119186,0
1.0,0.0,0.19066622853279114,1741.3806718628036,0
1.0,0.0,0.17509925365447998,1728.2146746782648,0
1.0,0.0,0.16484172642230988,1543.2842221818462,0
1.0,0.0,0.1577196717262268,1458.4416219562372,0
1.0,0.0,0.14917153120040894,1499.8280037084926,0
1.0,0.0,0.14212147891521454,1366.739654474965,0
1.0,0.0,0.14197339117527008,1335.4839673102217,0
1.0,0.0,0.12972532212734222,1347.106489012467,0
1.0,0.0,0.11574556678533554,1290.7397458759842,0
1.0,0.0,0.10371317714452744,1323.6458441497762,0
1.0,0.0,0.0921146422624588,1316.0504315544317,0
1.0,0.0,0.0792011171579361,1361.4964559719851,0
1.0,0.0,0.094013512134552,2359.4672322746756,0
1.0,0.0,0.14536455273628235,3386.5895139455047,0
1.0,0.0,0.19192641973495483,2759.9591603409076,0
1.0,0.0,0.2165856957435608,2429.158560273709,0
1.0,0.0,0.2184588462114334,2322.667498406331,0
1.0,0.0,0.19241230189800262,2259.9741453731426,0
1.0,0.0,0.16306786239147186,2129.145289082134,0
1.0,0.0,0.14066527783870697,2232.069205353538,0
1.0,0.0,0.12168369442224503,2243.7525916235772,0
1.0,0.0,0.10265372693538666,2135.0333471549798,0
1.0,0.0,0.08409135043621063,2186.882111607054,0
1.0,0.0,0.06512276828289032,2315.282679463648,0
1.0,0.0,0.04982930049300194,2462.939202088858,0
1.0,0.0,0.061637889593839645,3071.6672941449915,0
1.0,0.0,0.09734262526035309,3352.365929484993,0
1.0,0.0,0.13559593260288239,2777.419035654961,0
1.0,0.0,0.15606842935085297,2432.849347782587,0
1.0,0.0,0.16113856434822083,2458.770730664637,0
1.0,0.0,0.14610956609249115,2402.9758818270648,0
1.0,0.0,0.1277892291545868,2299.572670746763,0
1.0,0.0,0.11372444778680801,2278.422735675022,0
1.0,0.0,0.09875719994306564,2367.5159756380863,0
1.0,0.0,0.08263733237981796,2376.2336953520653,0
1.0,0.0,0.07022526860237122,2491.8159404053167,0
1.0,0.0,0.05492544174194336,2517.4094207410726,0
1.0,0.0,0.04380105435848236,2768.1313082249853,0
1.0,0.0,0.0370374359190464,2826.657686441735,0
1.0,0.0,0.036862459033727646,2748.1140905549805,0
1.0,0.0,0.05480407550930977,2857.318089002629,0
1.0,0.0,0.0903637558221817,3493.1911913675644,0
1.0,0.0,0.1203254833817482,2958.5065277462572,0
1.0,0.0,0.14587098360061646,2574.806923762603,0
1.0,0.0,0.14616701006889343,2463.6903616006825,0
1.0,0.0,0.13353624939918518,2550.65646063418,0
1.0,0.0,0.10697218030691147,2482.453745588834,0
1.0,0.0,0.09557465463876724,2560.0364510530253,0
1.0,0.0,0.07969051599502563,2573.1783008171915,0
1.0,0.0,0.06858418881893158,2569.255557349926,0
1.0,0.0,0.05768756568431854,2732.3920084758884,0
1.0,0.0,0.04453254118561745,2835.7989565580356,0
1.0,0.0,0.04343966767191887,3114.757937278067,0
1.0,0.0,0.08752532303333282,3901.3400681633857,0
1.0,0.0,0.15746770799160004,3581.279395810204,0
1.0,0.0,0.20938549935817719,2842.099514025709,0
1.0,0.0,0.2311200201511383,2665.0892236460973,0
1.0,0.0,0.23025652766227722,2521.2478199849297,0
1.0,0.0,0.20692934095859528,2551.6587374479814,0
1.0,0.0,0.18330790102481842,2428.476469863177,0
1.0,0.0,0.1626196801662445,2496.3627982691214,0
1.0,0.0,0.1440538763999939,2537.4391966440508,0
1.0,0.0,0.12177056819200516,2519.395522798485,0
1.0,0.0,0.10037431865930557,2644.0089697668027,0
1.0,0.0,0.07774073630571365,2686.1258696738523,0
1.0,0.0,0.06410206109285355,2983.1770704557935,0
1.0,0.0,0.07389602065086365,3628.307373771684,0
1.0,0.0,0.12551432847976685,3489.7025438313417,0
1.0,0.0,0.1571497768163681,2724.638416985046,0
1.0,0.0,0.16944514214992523,2541.223285643009,0
1.0,0.0,0.16739165782928467,2563.5236282492715,0
1.0,0.0,0.1339438110589981,2518.2544260702607,0
1.0,0.0,0.12205881625413895,2529.614792823157,0
1.0,0.0,0.09568854421377182,2523.0399476448742,0
1.0,0.0,0.08973332494497299,2692.74575719855,0
1.0,0.0,0.06788232922554016,2577.9796435785947,0
1.0,0.0,0.05813348665833473,2783.44447451447,0
1.0,0.0,0.041500408202409744,3118.8497761669296,0
1.0,0.0,0.036821264773607254,3207.703990649695,0
1.0,0.0,0.03648821637034416,2899.015161112725,0
1.0,0.0,0.05955633521080017,2975.0125870857255,0
1.0,0.0,0.09268258512020111,2972.224172788421,0
1.0,0.0,0.10428164899349213,2363.9359157692193,0
1.0,0.0,0.1094006597995758,2483.2944408172384,0
1.0,0.0,0.09962765127420425,2389.695899313063,0
1.0,0.0,0.10769451409578323,2294.7328155432942,0
1.0,0.0,0.12045101821422577,2093.2020687242675,0
1.0,0.0,0.14225827157497406,1941.7528343461192,0
1.0,0.0,0.16392242908477783,1794.280741899269,0
1.0,0.0,0.18562288582324982,1693.2765707976705,0
1.0,0.0,0.20077383518218994,1612.8930639377572,0
1.0,0.0,0.20945793390274048,1497.6193065950129,0
1.0,0.0,0.21461506187915802,1474.2587199005145,0
1.0,0.0,0.21453429758548737,1498.563195150572,0
1.0,0.0,0.21361882984638214,1788.2442720885813,0
1.0,0.0,0.21985997259616852,2548.470060479137,0
1.0,0.0,0.2071237415075302,2187.67176779539,0
1.0,0.0,0.18679243326187134,2238.0347146256436,0
1.0,0.0,0.14414626359939575,2227.610075203401,0
1.0,0.0,0.11750225722789764,2205.1250977820414,0
1.0,0.0,0.11092932522296906,2100.4103790171216,0
1.0,0.0,0.12050661444664001,2052.9626828166006,0
1.0,0.0,0.1357564926147461,1933.4231229187167,0
1.0,0.0,0.14659900963306427,1884.4783148414547,0
1.0,0.0,0.15189582109451294,1787.230774040413,0
1.0,0.0,0.15445218980312347,1807.5108370495395,0
1.0,0.0,0.15795402228832245,2239.84130808036,0
1.0,0.0,0.16332267224788666,2442.4884855476953,0
1.0,0.0,0.1560092717409134,2041.728250559269,0
1.0,0.0,0.14492015540599823,2234.150351445776,0
1.0,0.0,0.11349225789308548,2192.44398215093,0
1.0,0.0,0.0969833955168724,2170.28052077164,0
1.0,0.0,0.10066010802984238,2066.304980990218,0
1.0,0.0,0.11661766469478607,1986.748000270238,0
1.0,0.0,0.1298763006925583,1838.5095118447462,0
1.0,0.0,0.1464066207408905,1724.2529699907077,0
1.0,0.0,0.1540326625108719,1652.324193936416,0
1.0,0.0,0.16029690206050873,1578.5132050244456,0
1.0,0.0,0.16390787065029144,1630.5798064181072,0
1.0,0.0,0.15950746834278107,1587.7252185003051,0
1.0,0.0,0.15316303074359894,1620.1478791035947,0
1.0,0.0,0.15493027865886688,2443.883091273186,0
1.0,0.0,0.17720824480056763,2505.7844521312613,0
1.0,0.0,0.19811026751995087,1997.815961693299,0
1.0,0.0,0.22267550230026245,1627.4565040066584,0
1.0,0.0,0.2346261888742447,1507.9544189928902,0
1.0,0.0,0.2299957126379013,1376.772564043353,0
1.0,0.0,0.22722510993480682,1359.0743759398622,0
1.0,0.0,0.20448751747608185,1270.6670547703202,0
1.0,0.0,0.18649709224700928,1312.6046049530014,0
1.0,0.0,0.16722999513149261,1356.5354730566535,0
1.0,0.0,0.15195661783218384,1328.301087113755,0
1.0,0.0,0.14362241327762604,1341.3071068331396,0
1.0,0.0,0.1418357938528061,1352.3108488235548,0
1.0,0.0,0.14213988184928894,1338.4596843945158,0
1.0,0.0,0.14729048311710358,1281.0909670514338,0
1.0,0.0,0.15949122607707977,1213.8525384030613,0
1.0,0.0,0.17745627462863922,1150.800374006988,0
1.0,0.0,0.19931310415267944,1105.3965626793286,0
1.0,0.0,0.22128714621067047,1064.094392700269,0
1.0,0.0,0.22220008075237274,1050.2318326870325,0
1.0,0.0,0.21569567918777466,1023.0499039350423,0
1.0,0.0,0.2210407257080078,987.007352892555,0
1.0,0.0,0.22025638818740845,973.8350309897472,0
1.0,0.0,0.2098153680562973,969.3073262512006,0
1.0,0.0,0.2043049931526184,958.0506829145245,0
1.0,0.0,0.21109077334403992,953.418376939225,0
1.0,0.0,0.20469169318675995,958.0066629851051,0
1.0,0.0,0.20104525983333588,1242.2996492939637,0
1.0,0.0,0.2096475064754486,1481.7422679888223,0
1.0,0.0,0.23048566281795502,1279.5509626086016,0
1.0,0.0,0.23854555189609528,1279.054190976462,0
1.0,0.0,0.23011650145053864,1244.1034123855743,0
1.0,0.0,0.23214013874530792,1153.8690542827576,0
1.0,0.0,0.23361122608184814,1154.6158899766754,0
1.0,0.0,0.2189004272222519,1134.1799494612058,0
1.0,0.0,0.20113089680671692,1109.5803054179078,0
1.0,0.0,0.1944597065448761,1088.2224233162729,0
1.0,0.0,0.19026398658752441,1089.8742881544144,0
1.0,0.0,0.17915986478328705,1120.6972288273919,0
1.0,0.0,0.16899539530277252,1136.6814491655077,0
1.0,0.0,0.16568420827388763,1122.0450271346353,0
1.0,0.0,0.18742218613624573,1122.6738165255415,0
1.0,0.0,0.17811933159828186,1668.7905961800093,0
1.0,0.0,0.19467981159687042,1812.1584954300217,0
1.0,0.0,0.2026636004447937,1571.2348039843391,0
1.0,0.0,0.18419992923736572,1637.1504938543153,0
1.0,0.0,0.1732800006866455,1505.529597736667,0
1.0,0.0,0.15965339541435242,1504.3511274908553,0
1.0,0.0,0.13908261060714722,1501.8895005492068,0
1.0,0.0,0.12478692829608917,1482.0888876629042,0
1.0,0.0,0.11097413301467896,1576.0769824164668,0
1.0,0.0,0.10352671146392822,1551.8400718190621,0
1.0,0.0,0.10019990056753159,1505.7455488350538,0
1.0,0.0,0.097993403673172,1566.143670612495,0
1.0,0.0,0.09852372854948044,1504.7846411120254,0
1.0,0.0,0.09623252600431442,1434.72571588848,0
1.0,0.0,0.09354865550994873,1519.9034914135284,0
1.0,0.0,0.0985954999923706,2157.149076017095,0
1.0,0.0,0.10136782377958298,2418.0905471015576,0
1.0,0.0,0.12008892744779587,2223.2359540372195,0
1.0,0.0,0.14013424515724182,2003.8269108926893,0
1.0,0.0,0.15682971477508545,1781.5520547187186,0
1.0,0.0,0.17056326568126678,1589.8672889868387,0
1.0,0.0,0.16887463629245758,1549.6991392581856,0
1.0,0.0,0.16794121265411377,1495.8690143796236,0
1.0,0.0,0.16808496415615082,1380.9828035174485,0
1.0,0.0,0.16865035891532898,1411.04228553533,0
1.0,0.0,0.16887149214744568,1389.300485794764,0
1.0,0.0,0.16738411784172058,1327.4137694733554,0
1.0,0.0,0.17592443525791168,1834.6848813206475,0
1.0,0.0,0.22593218088150024,2639.570412257209,0
1.0,0.0,0.25613850355148315,2393.6851884494645,0
1.0,0.0,0.27990424633026123,1906.5744298761372,0
1.0,0.0,0.27434220910072327,1780.8356722067597,0
1.0,0.0,0.2586651146411896,1672.1581107828679,0
1.0,0.0,0.23329661786556244,1609.7667042940716,0
1.0,0.0,0.20943735539913177,1542.5775317870293,0
1.0,0.0,0.16995634138584137,1513.0539651451722,0
1.0,0.0,0.14786581695079803,1609.1438714221915,0
1.0,0.0,0.12124526500701904,1659.8144421798368,0
1.0,0.0,0.10960353165864944,1688.4227721402349,0
1.0,0.0,0.10065300017595291,1704.4567900106304,0
1.0,0.0,0.10415936261415482,1651.7139587229858,0
1.0,0.0,0.11558174341917038,1569.1121266546452,0
1.0,0.0,0.14083926379680634,2209.3294025316163,0
1.0,0.0,0.17294028401374817,2416.148322513692,0
1.0,0.0,0.19586141407489777,1908.896021327639,0
1.0,0.0,0.21622198820114136,1763.8752389716822,0
1.0,0.0,0.2226323038339615,1449.9213719507081,0
1.0,0.0,0.24001535773277283,1306.272091466269,0
1.0,0.0,0.2539031505584717,1204.9986685957458,0
1.0,0.0,0.2551421523094177,1157.8906400367607,0
1.0,0.0,0.2678239345550537,1130.7624922632008,0
1.0,0.0,0.2824069857597351,1092.7156020178231,0
1.0,0.0,0.28692781925201416,1066.3389837102307,0
1.0,0.0,0.28576791286468506,1010.8522125925963,0
1.0,0.0,0.28819191455841064,1074.3765042786476,0
1.0,0.0,0.27600160241127014,1105.0845318837999,0
1.0,0.0,0.27275851368904114,1077.1746448349388,0
1.0,0.0,0.2747097313404083,1074.2129201822931,0
1.0,0.0,0.28110381960868835,1088.228403144446,0
1.0,0.0,0.2848168909549713,1082.5637748812128,0
1.0,0.0,0.2875853180885315,1035.2384243913743,0
1.0,0.0,0.27562612295150757,1040.0812547525902,0
1.0,0.0,0.26467275619506836,1035.6012035082365,0
1.0,0.0,0.25321659445762634,1033.0455164025755,0
1.0,0.0,0.23867306113243103,1022.7810544993723,0
1.0,0.0,0.21248918771743774,1023.9392775695657,0
1.0,0.0,0.19432926177978516,1061.1651915775117,0
1.0,0.0,0.1866229772567749,1053.0303503482385,0
1.0,0.0,0.18056800961494446,1057.74772250424,0
1.0,0.0,0.17396149039268494,1041.4198406290845,0
1.0,0.0,0.16815289855003357,1048.2797879299028,0
1.0,0.0,0.162161722779274,1062.2603989034417,0
1.0,0.0,0.16553989052772522,1059.4249805520062,0
1.0,0.0,0.22440998256206512,1447.5977339922047,0
1.0,0.0,0.2391843944787979,1531.5370434761726,0
1.0,0.0,0.2672051787376404,1455.4320162340537,0
1.0,0.0,0.2697020471096039,1340.424617797918,0
1.0,0.0,0.27635809779167175,1251.4457589502397,0
1.0,0.0,0.2820846140384674,1132.3747728228454,0
1.0,0.0,0.27730149030685425,1123.7334512312036,0
1.0,0.0,0.26013097167015076,1050.990182577648,0
1.0,0.0,0.25754958391189575,1021.8902820141604,0
1.0,0.0,0.24789561331272125,1007.2397788856939,0
1.0,0.0,0.23542778193950653,992.3160742199983,0
1.0,0.0,0.22744745016098022,1015.5417396149653,0
1.0,0.0,0.21799397468566895,1022.1059626438309,0
1.0,0.0,0.21205106377601624,1588.3121072987879,0
1.0,0.0,0.22219237685203552,1603.6154007147165,0
1.0,0.0,0.2384629249572754,1420.8782877533936,0
1.0,0.0,0.24701093137264252,1304.4779282656257,0
1.0,0.0,0.25670939683914185,1228.4818639013336,0
1.0,0.0,0.24875947833061218,1157.3037636946276,0
1.0,0.0,0.24438880383968353,1175.2467363340854,0
1.0,0.0,0.2461128532886505,1115.4397693629774,0
1.0,0.0,0.2376876175403595,1122.199226540018,0
1.0,0.0,0.23848040401935577,1105.196379235573,0
1.0,0.0,0.23397542536258698,1037.4348805075915,0
1.0,0.0,0.2276034951210022,1031.856327210337,0
1.0,0.0,0.23103958368301392,995.7121362232615,0
1.0,0.0,0.23174653947353363,1433.4564681941706,0
1.0,0.0,0.22713938355445862,1648.4947976634237,0
1.0,0.0,0.23050232231616974,1463.2984014832552,0
1.0,0.0,0.22709770500659943,1358.1017085951294,0
1.0,0.0,0.22165778279304504,1206.183966793655,0
1.0,0.0,0.2200010120868683,1134.7285850285991,0
1.0,0.0,0.20986869931221008,1114.370224812378,0
1.0,0.0,0.18812961876392365,1132.4525904978566,0
1.0,0.0,0.18996381759643555,1196.0257584075928,0
1.0,0.0,0.1650727242231369,1165.0900204465106,0
1.0,0.0,0.16737835109233856,1171.780937614861,0
1.0,0.0,0.16085697710514069,1266.2872727581926,0
1.0,0.0,0.15017420053482056,1261.5123144677714,0
1.0,0.0,0.17615002393722534,2200.217187967447,0
1.0,0.0,0.1817626953125,2427.905436915224,0
1.0,0.0,0.1763959527015686,2016.0325127510698,0
1.0,0.0,0.16039705276489258,2264.840041945976,0
1.0,0.0,0.13183695077896118,2118.0304324128506,0
1.0,0.0,0.11807020753622055,1882.8825796243646,0
1.0,0.0,0.14092357456684113,2003.0715887270642,0
1.0,0.0,0.14836062490940094,1733.8270601958748,0
1.0,0.0,0.17097032070159912,1674.0954996233486,0
1.0,0.0,0.19380725920200348,1585.058010894944,0
1.0,0.0,0.20074361562728882,1448.4604297515093,0
1.0,0.0,0.21287590265274048,1417.5503373196061,0
1.0,0.0,0.21546165645122528,1464.2085257243525,0
1.0,0.0,0.20942994952201843,1406.1089560566154,0
1.0,0.0,0.2161812037229538,1493.0183982018816,0
1.0,0.0,0.23144952952861786,2018.7867717514305,0
1.0,0.0,0.2709467113018036,2425.481997294802,0
1.0,0.0,0.313874214887619,2018.4451485564357,0
1.0,0.0,0.3262348473072052,1652.6764430262922,0
1.0,0.0,0.3017633259296417,1590.4587582528727,0
1.0,0.0,0.2850043475627899,1493.1851240326591,0
1.0,0.0,0.26541829109191895,1440.5435135349965,0
1.0,0.0,0.2332862913608551,1392.034739271655,0
1.0,0.0,0.2024962306022644,1353.4693015015969,0
1.0,0.0,0.1890646368265152,1392.998978034944,0
1.0,0.0,0.1813204139471054,1376.5093523738094,0
1.0,0.0,0.16966331005096436,1343.3861947154057,0
1.0,0.0,0.17237144708633423,1374.0224842406892,0
1.0,0.0,0.17950522899627686,1309.7637864737167,0
1.0,0.0,0.20641253888607025,1249.6125647368376,0
1.0,0.0,0.23635733127593994,1134.8311986202266,0
1.0,0.0,0.2735001742839813,1052.7957206386195,0
1.0,0.0,0.2826401889324188,1053.597620834446,0
1.0,0.0,0.2904762923717499,1010.767966230588,0
1.0,0.0,0.3048243224620819,950.9882751253455,0
1.0,0.0,0.31691908836364746,932.4027232686628,0
1.0,0.0,0.2975093424320221,940.6424625113261,0
1.0,0.0,0.2949139475822449,957.6474232894013,0
1.0,0.0,0.29524102807044983,930.6380850925727,0
1.0,0.0,0.2832881808280945,926.5681028593833,0
1.0,0.0,0.26789799332618713,957.3537366912498,0
1.0,0.0,0.263896107673645,954.1518734692743,0
1.0,0.0,0.24675752222537994,951.6111749855136,0
1.0,0.0,0.22027797996997833,984.6233306175733,0
1.0,0.0,0.1929226517677307,1034.8687466555816,0
1.0,0.0,0.18631714582443237,1087.183930869484,0
1.0,0.0,0.2056235522031784,1259.5629375350059,0
1.0,0.0,0.2124899923801422,1487.8734243445197,0
1.0,0.0,0.21787773072719574,1430.4712389298984,0
1.0,0.0,0.22512780129909515,1470.0659594984172,0
1.0,0.0,0.226689413189888,1398.7475928627643,0
1.0,0.0,0.23365618288516998,1274.6170279226085,0
1.0,0.0,0.23543916642665863,1228.8984459352987,0
1.0,0.0,0.24715439975261688,1158.1469619380214,0
1.0,0.0,0.25168028473854065,1113.0943697959312,0
1.0,0.0,0.24789822101593018,1060.9098305211216,0
1.0,0.0,0.2557094395160675,1039.2380885064726,0
1.0,0.0,0.26156774163246155,1028.3745318281126,0
1.0,0.0,0.2635039687156677,1012.1493596976132,0
1.0,0.0,0.2620237469673157,991.5784834356359,0
1.0,0.0,0.2675595283508301,960.4289327075538,0
1.0,0.0,0.259056955575943,985.3479960205368,0
1.0,0.0,0.2552342116832733,1000.9369903358224,0
1.0,0.0,0.2502008080482483,995.4235192610759,0
1.0,0.0,0.24229206144809723,997.8984114810223,0
1.0,0.0,0.22332392632961273,1002.2420468275545,0
1.0,0.0,0.2056385576725006,1043.354180141691,0
1.0,0.0,0.1787082999944687,1054.771890893691,0
1.0,0.0,0.15118622779846191,1088.179347801974,0
1.0,0.0,0.1303882598876953,1116.1878087422199,0
1.0,0.0,0.12194294482469559,1124.5789062069955,0
1.0,0.0,0.11459110677242279,1133.3014455566974,0
1.0,0.0,0.11066782474517822,1146.7179876189218,0
1.0,0.0,0.11152215301990509,1128.0874870941166,0
1.0,0.0,0.12110976874828339,1083.6362601975218,0
1.0,0.0,0.12322843074798584,1035.5599830240849,0
1.0,0.0,0.12547747790813446,1046.240814408075,0
1.0,0.0,0.1340080052614212,1034.4015762399054,0
1.0,0.0,0.14468920230865479,1009.9659784349735,0
1.0,0.0,0.14092175662517548,976.220495028892,0
1.0,0.0,0.14111946523189545,975.4812328616006,0
1.0,0.0,0.152123361825943,917.1521446432286,0
1.0,0.0,0.15892015397548676,906.2585147196121,0
1.0,0.0,0.1507205367088318,952.66246254558,0
1.0,0.0,0.1525837630033493,947.7929708161587,0
1.0,0.0,0.16262894868850708,923.0827892786276,0
1.0,0.0,0.16148144006729126,924.7075221791976,0
1.0,0.0,0.15015530586242676,938.4290915739955,0
1.0,0.0,0.16141562163829803,897.1435645951589,0
1.0,0.0,0.1611136496067047,859.7384008200863,0
1.0,0.0,0.15631039440631866,896.2547361351469,0
1.0,0.0,0.14630097150802612,891.952265887563,0
1.0,0.0,0.15465344488620758,892.1765982886799,0
1.0,0.0,0.15575262904167175,880.300308740232,0
1.0,0.0,0.1444357931613922,895.5136529068169,0
1.0,0.0,0.13947899639606476,911.0929062204104,0
1.0,0.0,0.14403186738491058,875.0955881984253,0
1.0,0.0,0.144632026553154,874.49902759673,0
1.0,0.0,0.13317808508872986,926.3307270207221,0
1.0,0.0,0.12985342741012573,941.2223025187227,0
1.0,0.0,0.13527746498584747,916.8441657293603,0
1.0,0.0,0.12931713461875916,925.0151284749343,0
1.0,0.0,0.11944720894098282,965.5425899078009,0
1.0,0.0,0.12055619060993195,986.2975145468696,0
1.0,0.0,0.1221972331404686,977.8648096632918,0
1.0,0.0,0.11351540684700012,997.7123701864457,0
1.0,0.0,0.10226287692785263,1030.5800236594828,0
1.0,0.0,0.1074729785323143,1029.092622468224,0
1.0,0.0,0.10345268249511719,1052.8804154451036,0
1.0,0.0,0.09390025585889816,1075.565839815531,0
1.0,0.0,0.08795882761478424,1126.8011096892797,0
1.0,0.0,0.08958753198385239,1136.1028822808603,0
1.0,0.0,0.0870419293642044,1159.192883903132,0
1.0,0.0,0.07956424355506897,1168.792311861183,0
1.0,0.0,0.07709966599941254,1183.736710381188,0
1.0,0.0,0.078534796833992,1193.753555033922,0
1.0,0.0,0.0739530548453331,1182.9517016117297,0
1.0,0.0,0.06923998892307281,1211.4896368648092,0
1.0,0.0,0.06943412125110626,1190.4802716381218,0
1.0,0.0,0.07130280882120132,1231.7884375629692,0
1.0,0.0,0.06795137375593185,1237.3542813676063,0
1.0,0.0,0.06517888605594635,1276.36921601873,0
1.0,0.0,0.06605636328458786,1271.9132633342995,0
1.0,0.0,0.06582725048065186,1270.2555933466083,0
1.0,0.0,0.06214412674307823,1315.156223683579,0
1.0,0.0,0.062187373638153076,1314.2772584840677,0
1.0,0.0,0.06154070049524307,1356.224242559979,0
1.0,0.0,0.059617314487695694,1392.6510684059401,0
1.0,0.0,0.057675283402204514,1445.311653764441,0
1.0,0.0,0.05659869313240051,1435.8407839675288,0
1.0,0.0,0.052583739161491394,1474.8001375321053,0
1.0,0.0,0.04686882719397545,1579.5932055589867,0
1.0,0.0,0.04135170951485634,1669.9977444979431,0
1.0,0.0,0.035105444490909576,1814.4214070603648,0
1.0,0.0,0.02935086563229561,1978.3507638963918,0
1.0,0.0,0.025529442355036736,2119.3912564906395,0
1.0,0.0,0.022000711411237717,2337.8246792734453,0
1.0,0.0,0.018383314833045006,2552.206593890196,0
1.0,0.0,0.015772182494401932,2721.8296884154042,0
1.0,0.0,0.014009995386004448,2992.4532103719635,0
1.0,0.0,0.012240095995366573,3332.4517378759047,0
1.0,0.0,0.010797443799674511,3594.8313085005166,0
1.0,0.0,0.00941860768944025,3858.9222361382504,0
1.0,0.0,0.008608394302427769,4264.5900506937505,0
1.0,0.0,0.007818075828254223,4331.581565730232,0
1.0,0.0,0.006906264927238226,4653.608825557865,0
1.0,0.0,0.006303002592176199,4797.562262194484,0
1.0,0.0,0.0059121293015778065,4893.415368855579,0
1.0,0.0,0.005427394062280655,5297.064795337131,0
1.0,0.0,0.004831385333091021,5684.374965582256,0
1.0,0.0,0.004608538001775742,5755.015413143248,0
1.0,0.0,0.004440000746399164,5846.829290733168,0
1.0,0.0,0.003964983858168125,6095.267015425293,0
1.0,0.0,0.0037029001396149397,6187.036703937645,0
1.0,0.0,0.003355612512677908,6398.873958308792,0
1.0,0.0,0.0030564365442842245,6737.407677278652,0
1.0,0.0,0.002764300908893347,6898.146268742837,0
1.0,0.0,0.0027022610884159803,6989.446146655077,0
1.0,0.0,0.0024688539560884237,7169.413961653791,0
1.0,0.0,0.0023732546251267195,7419.554401086123,0
1.0,0.0,0.0022657127119600773,7549.691751008888,0
1.0,0.0,0.0022472571581602097,7361.576610476075,0
1.0,0.0,0.00217149849049747,7399.545025329098,0
1.0,0.0,0.0022272071801126003,7784.616753161158,0
1.0,0.0,0.0020973975770175457,7973.820997864031,0
1.0,0.0,0.002058299956843257,7978.833947308379,0
1.0,0.0,0.001986151561141014,7949.649377425972,0
1.0,0.0,0.0019222230184823275,8002.5244415985,0
1.0,0.0,0.0018019259441643953,8210.558323284895,0
1.0,0.0,0.0017357257893308997,8492.976245451528,0
1.0,0.0,0.0016492032445967197,8612.847854915253,0
1.0,0.0,0.0016171473544090986,8604.109956824987,0
1.0,0.0,0.001499987323768437,8699.054686924823,0
1.0,0.0,0.0014614635147154331,8672.846473156456,0
1.0,0.0,0.0013330813962966204,8843.89814215446,0
1.0,0.0,0.0012853480875492096,9341.651129840919,0
1.0,0.0,0.001181760453619063,9062.958271136831,0
1.0,0.0,0.0011405176483094692,9024.555468966175,0
1.0,0.0,0.001080431160517037,9343.226371200812,0
1.0,0.0,0.0010259394766762853,9559.278756986232,0
1.0,0.0,0.0010012144921347499,9558.736215638448,0
1.0,0.0,0.0009646256803534925,9828.35491781013,0
1.0,0.0,0.0009119709138758481,9959.980299983195,0
1.0,0.0,0.000866711896378547,10066.862500920408,0
1.0,0.0,0.0008763399091549218,9831.587443894063,0
1.0,0.0,0.000851170567329973,9702.951323424653,0
1.0,0.0,0.0008234547567553818,10023.596714867435,0
1.0,0.0,0.0007889341213740408,9987.393359590513,0
1.0,0.0,0.0007974971667863429,9961.913553264487,0
1.0,0.0,0.0008048674208112061,10002.923976987215,0
1.0,0.0,0.0008054692298173904,10414.660278976073,0
1.0,0.0,0.0007570202578790486,10363.700597334759,0
1.0,0.0,0.0007518504280596972,10435.252921110898,0
1.0,0.0,0.0007631505141034722,10373.695365914196,0
1.0,0.0,0.0007619365933351219,10325.137666125009,0
1.0,0.0,0.0007534673204645514,10258.080863968386,0
1.0,0.0,0.0007633013883605599,10641.362847319295,0
1.0,0.0,0.0007510886061936617,10590.72239569245,0
1.0,0.0,0.0007428792887367308,10280.952185611575,0
1.0,0.0,0.0007486614631488919,10519.936240185792,0
1.0,0.0,0.0007310672663152218,10322.156193862771,0
1.0,0.0,0.0007476428872905672,10281.940204820678,0
1.0,0.0,0.0007565342239104211,10215.310898587668,0
1.0,0.0,0.0007625258294865489,10139.265725718018,0
1.0,0.0,0.0007822909974493086,10311.866323714949,0
1.0,0.0,0.0007548177964054048,10212.457222218247,0
1.0,0.0,0.000773389358073473,10461.292922951281,0
1.0,0.0,0.0007478774641640484,10412.488272320054,0
1.0,0.0,0.000729767547454685,10303.196284263586,0
1.0,0.0,0.0007392172701656818,10543.313412973472,0
1.0,0.0,0.0007201193948276341,10286.153023970313,0
1.0,0.0,0.0007335739210247993,10325.144956514752,0
1.0,0.0,0.0007385842618532479,10546.063898473882,0
1.0,0.0,0.0007309734937734902,10613.303668488137,0
1.0,0.0,0.0007383944466710091,10539.395000382043,0
1.0,0.0,0.000731980602722615,10502.444537293672,0
1.0,0.0,0.000751898973248899,10312.23051362595,0
1.0,0.0,0.0007378438604064286,10416.537482607373,0
1.0,0.0,0.0007173084886744618,10374.889298879363,0
1.0,0.0,0.0007152900798246264,10451.01732602482,0
1.0,0.0,0.0007102518575266004,10504.391231753383,0
1.0,0.0,0.0007325515616685152,10398.103491042277,0
1.0,0.0,0.0007472453871741891,10685.421296814466,0
1.0,0.0,0.0007362160831689835,10608.237046754668,0
1.0,0.0,0.000730418018065393,10802.266252443207,0
1.0,0.0,0.0007348552462644875,10905.908966571926,0
1.0,0.0,0.0007264703745022416,10762.319957461546,0
1.0,0.0,0.0007262563449330628,10390.283426886193,0
1.0,0.0,0.0007384553318843246,10333.645969927495,0
1.0,0.0,0.0007362542673945427,10218.482646208222,0
1.0,0.0,0.0007376354187726974,10418.29193245215,0
1.0,0.0,0.0007367005455307662,10499.177755602392,0
1.0,0.0,0.0007325650658458471,10491.666976273227,0
1.0,0.0,0.0007438517059199512,10389.345227849324,0
1.0,0.0,0.0007132723112590611,10242.866230653543,0
1.0,0.0,0.0007082575466483831,10638.229023480193,0
1.0,0.0,0.0007286897744052112,10941.751166167644,0
1.0,0.0,0.0007297439151443541,10664.248331019136,0
1.0,0.0,0.0007399257738143206,10650.470861407455,0
1.0,0.0,0.0007536096964031458,10919.73407791644,0
1.0,0.0,0.0007261677528731525,11006.413665884851,0
1.0,0.0,0.0007259072735905647,10805.002234035088,0
1.0,0.0,0.0007322161109186709,10634.330225121304,0
1.0,0.0,0.0007714606472291052,10529.315984458777,0
1.0,0.0,0.0007683200528845191,10142.867102127371,0
1.0,0.0,0.000777894223574549,10688.448025857055,0
1.0,0.0,0.0007284089806489646,10749.455955914906,0
1.0,0.0,0.0007135829655453563,10849.881959156075,0
1.0,0.0,0.0007317163399420679,10750.848337555084,0
1.0,0.0,0.0007374566630460322,10471.825341284042,0
1.0,0.0,0.0007486500544473529,10413.010107892525,0
1.0,0.0,0.0007475513848476112,10615.547641334328,0
1.0,0.0,0.0007098189671523869,10607.233421441484,0
1.0,0.0,0.0007105960394255817,10799.777103029455,0
1.0,0.0,0.0007070789579302073,10822.866127909356,0
1.0,0.0,0.0007232254720292985,10692.12724252875,0
1.0,0.0,0.0007156122010201216,10593.180771243458,0
1.0,0.0,0.0007136357598938048,10737.939264131232,0
1.0,0.0,0.0007148345466703176,10692.602383612533,0
1.0,0.0,0.0007089300779625773,10485.619258778672,0
1.0,0.0,0.0007178980740718544,11015.406355375255,0
1.0,0.0,0.0007009975961409509,10744.870803496553,0
1.0,0.0,0.0007016423041932285,10717.43858916914,0
1.0,0.0,0.0007183363195508718,10578.942910345748,0
1.0,0.0,0.0007047509425319731,10324.110982582157,0
1.0,0.0,0.000708311446942389,10735.269125405903,0
1.0,0.0,0.0007135916966944933,10533.763161057017,0
1.0,0.0,0.0007191331824287772,10854.498089312676,0
1.0,0.0,0.0007327136117964983,10736.669098988146,0
1.0,0.0,0.0007281516445800662,10437.9359665566,0
1.0,0.0,0.0007259224657900631,10433.57627090333,0
1.0,0.0,0.000727016304153949,10594.065597921386,0
1.0,0.0,0.0007091613952070475,10655.529408703653,0
1.0,0.0,0.000716297363396734,10482.309473515077,0
1.0,0.0,0.0007434199214912951,10652.342865128243,0
1.0,0.0,0.0007179059321060777,10468.880527010202,0
1.0,0.0,0.0007127469871193171,10537.983272265754,0
1.0,0.0,0.0007127144490368664,10890.563563650729,0
1.0,0.0,0.0007191603654064238,10806.95127846512,0
1.0,0.0,0.0007414101273752749,10647.192129800784,0
1.0,0.0,0.0007151130121201277,10451.556861847997,0
1.0,0.0,0.0007268748595379293,10544.201158063519,0
1.0,0.0,0.0007167707663029432,10506.288540084977,0
1.0,0.0,0.0007315305410884321,10607.45462707553,0
1.0,0.0,0.0007166096474975348,10694.211273477556,0
1.0,0.0,0.0007136420463211834,10806.283082205748,0
1.0,0.0,0.000710309250280261,10815.547242176059,0
1.0,0.0,0.000721675343811512,10483.444889163024,0
1.0,0.0,0.0007366719073615968,10639.071214579071,0
1.0,0.0,0.0007383802440017462,10825.564345539586,0
1.0,0.0,0.0007490467396564782,10519.69096535407,0
1.0,0.0,0.0007569995359517634,10517.667575686453,0
1.0,0.0,0.0007751750526949763,10564.447172059998,0
1.0,0.0,0.0007702894508838654,10441.754591788356,0
1.0,0.0,0.0007671744679100811,10554.593580316498,0
1.0,0.0,0.0007470210548490286,10576.871432789765,0
1.0,0.0,0.0007309055072255433,10520.965588430414,0
1.0,0.0,0.0007209217874333262,10761.085515706713,0
1.0,0.0,0.00070042978040874,10628.375559132317,0
1.0,0.0,0.0007313272217288613,10648.82503311303,0
1.0,0.0,0.0007252183859236538,10608.784676956999,0
1.0,0.0,0.000710088002961129,10913.181133940529,0
1.0,0.0,0.0007061529322527349,10783.767114322765,0
1.0,0.0,0.0007015863084234297,10626.988260896975,0
1.0,0.0,0.0006626160466112196,10732.659652520286,0
1.0,0.0,0.0005333524895831943,10360.76992329353,0
1.0,0.0,0.000366946158464998,10388.717030322365,0
1.0,0.0,0.0,0.0,0
1.0,0.0,0.0,0.0,0
1.0,0.0,0.0,0.0,0
1.0,0.0,0.0,0.0,0
1.0,0.0,0.0,0.0,0
1.0,0.0,0.0,0.0,0
1.0,0.0,0.0,0.0,0
1.0,0.0,0.0,0.0,0
1.0,0.0,0.0,0.0,0
1.0,0.0,0.0,0.0,0
1.0,0.0,0.0,0.0,0
1.0,0.0,0.0,0.0,0
1.0,0.0,0.0,0.0,0
1.0,0.0,0.0,0.0,0
1.0,0.0,0.0,0.0,0
1.0,0.0,0.0,0.0,0
1.0,0.0,0.0,0.0,0
1.0,0.0,0.0,0.0,0
1.0,0.0,0.0,0.0,0
1.0,0.0,0.0,0.0,0
1.0,0.0,0.0,0.0,0
1.0,0.0,0.0,0.0,0
1.0,0.0,0.0,0.0,0
1.0,0.0,0.0,0.0,0
1.0,0.0,0.0,0.0,0
1.0,0.0,0.0,0.0,0
1.0,0.0,0.0,0.0,0
1.0,0.0,0.0,0.0,0
1.0,0.0,0.0,0.0,0
1.0,0.0,0.0,0.0,0
1.0,0.0,0.0,0.0,0
1.0,0.0,0.0,0.0,0
1.0,0.0,0.0,0.0,0
1.0,0.0,0.0,0.0,0
1.0,0.0,0.0,0.0,0
1.0,0.0,0.0,0.0,0
1.0,0.0,0.0,0.0,0
1.0,0.0,0.0,0.0,0
1.0,0.0,0.0,0.0,0
1.0,0.0,0.0,0.0,0
1.0,0.0,0.0,0.0,0
1.0,0.0,0.0,0.0,0
1.0,0.0,0.0,0.0,0
1.0,0.0,0.0,0.0,0
1.0,0.0,0.0,0.0,0
1.0,0.0,0.0,0.0,0
1.0,0.0,0.0,0.0,0
1.0,0.0,0.0,0.0,0
1.0,0.0,0.0,0.0,0
1.0,0.0,0.0,0.0,0
1.0,0.0,0.0,0.0,0
1.0,0.0,0.0,0.0,0
1.0,0.0,0.0,0.0,0
1.0,0.0,0.0,0.0,0
1.0,0.0,0.0,0.0,0
1.0,0.0,0.0,0.0,0
1.0,0.0,0.0,0.0,0
1.0,0.0,0.0,0.0,0
1.0,0.0,0.0,0.0,0
1.0,0.0,0.0,0.0,0
1.0,0.0,0.0,0.0,0
1.0,0.0,0.0,0.0,0
1.0,0.0,0.0,0.0,0
1.0,0.0,0.0,0.0,0
1.0,0.0,0.0,0.0,0
1.0,0.0,0.0,0.0,0
1.0,0.0,0.0,0.0,0
1.0,0.0,0.0,0.0,0
1.0,0.0,0.0,0.0,0
1.0,0.0,0.0,0.0,0
1.0,0.0,0.0,0.0,0
1.0,0.0,0.0,0.0,0
1.0,0.0,0.0,0.0,0
1.0,0.0,0.0,0.0,0
1.0,0.0,0.0,0.0,0
1.0,0.0,0.0,0.0,0
1.0,0.0,0.0,0.0,0
1.0,0.0,0.0,0.0,0
1.0,0.0,0.0,0.0,0
1.0,0.0,0.0,0.0,0
1.0,0.0,0.0,0.0,0
1.0,0.0,0.0,0.0,0
1.0,0.0,0.0,0.0,0
1.0,0.0,0.0,0.0,0
1.0,0.0,0.0,0.0,0
1.0,0.0,0.0,0.0,0
1.0,0.0,0.0,0.0,0
1.0,0.0,0.0,0.0,0
1.0,0.0,0.0,0.0,0
1.0,0.0,0.0,0.0,0
1.0,0.0,0.0,0.0,0
1.0,0.0,0.0,0.0,0
1.0,0.0,0.0,0.0,0
1.0,0.0,0.0,0.0,0
1.0,0.0,0.0,0.0,0
1.0,0.0,0.0,0.0,0
1.0,0.0,0.0,0.0,0
1.0,0.0,0.0,0.0,0
1.0,0.0,0.0,0.0,0
1.0,0.0,0.0,0.0,0
1.0,0.0,0.0,0.0,0
1.0,0.0,0.0,0.0,0
1.0,0.0,0.0,0.0,0
1.0,0.0,0.0,0.0,0
1.0,0.0,0.0,0.0,0
1.0,0.0,0.0,0.0,0
1.0,0.0,0.0,0.0,0
1.0,0.0,0.0,0.0,0
1.0,0.0,0.0,0.0,0
1.0,0.0,0.0,0.0,0
1.0,0.0,0.0,0.0,0
1.0,0.0,0.0,0.0,0
1.0,0.0,0.0,0.0,0
1.0,0.0,0.0,0.0,0
1.0,0.0,0.0,0.0,0
1.0,0.0,0.0,0.0,0
1.0,0.0,0.0,0.0,0
1.0,0.0,0.0,0.0,0
1.0,0.0,0.0,0.0,0
1.0,0.0,0.0,0.0,0
1.0,0.0,0.0,0.0,0
1.0,0.0,0.0,0.0,0
1.0,0.0,0.0,0.0,0
1.0,0.0,0.0,0.0,0
1.0,0.0,0.0,0.0,0
1.0,0.0,0.0,0.0,0
1.0,0.0,0.0,0.0,0
1.0,0.0,0.0,0.0,0
1.0,0.0,0.0,0.0,0
1.0,0.0,0.0,0.0,0
1.0,0.0,0.0,0.0,0
1.0,0.0,0.0,0.0,0
1.0,0.0,0.0,0.0,0
1.0,0.0,0.0,0.0,0
1.0,0.0,0.0,0.0,0
1.0,0.0,0.0,0.0,0
1.0,0.0,0.0,0.0,0
1.0,0.0,0.0,0.0,0
1.0,0.0,0.0,0.0,0
1.0,0.0,0.0,0.0,0
1.0,0.0,0.0,0.0,0
1.0,0.0,0.0,0.0,0
1.0,0.0,0.0,0.0,0
1.0,0.0,0.0,0.0,0
1.0,0.0,0.0,0.0,0
1.0,0.0,0.0,0.0,0
1.0,0.0,0.0,0.0,0
1.0,0.0,0.0,0.0,0
1.0,0.0,0.0,0.0,0
1.0,0.0,0.0,0.0,0
1.0,0.0,0.0,0.0,0
1.0,0.0,0.0,0.0,0
1.0,0.0,0.0,0.0,0
1.0,0.0,0.0,0.0,0
1.0,0.0,0.0,0.0,0
1.0,0.0,0.0,0.0,0
1.0,0.0,0.0,0.0,0
1.0,0.0,0.0,0.0,0
1.0,0.0,0.0,0.0,0
1.0,0.0,0.0,0.0,0
1.0,0.0,0.0,0.0,0
1.0,0.0,0.0,0.0,0
1.0,0.0,0.0,0.0,0
1.0,0.0,0.0,0.0,0
1.0,0.0,0.0,0.0,0
1.0,0.0,0.0,0.0,0
1.0,0.0,0.0,0.0,0
1.0,0.0,0.0,0.0,0
1.0,0.0,0.0,0.0,0
1.0,0.0,0.0,0.0,0
1.0,0.0,0.0,0.0,0
1.0,0.0,0.0,0.0,0
1.0,0.0,0.0,0.0,0
1.0,0.0,0.0,0.0,0
1.0,0.0,0.0,0.0,0
1.0,0.0,0.0,0.0,0
1.0,0.0,0.0,0.0,0
1.0,0.0,0.0,0.0,0
1.0,0.0,0.0,0.0,0
1.0,0.0,0.0,0.0,0
1.0,0.0,0.0,0.0,0
1.0,0.0,0.0,0.0,0
1.0,0.0,0.0,0.0,0
1.0,0.0,0.0,0.0,0
1.0,0.0,0.0,0.0,0
1.0,0.0,0.0,0.0,0
1.0,0.0,0.0,0.0,0
1.0,0.0,0.0,0.0,0
1.0,0.0,0.0,0.0,0
1.0,0.0,0.0,0.0,0
1.0,0.0,0.0,0.0,0
1.0,0.0,0.0,0.0,0
1.0,0.0,0.0,0.0,0
1.0,0.0,0.0,0.0,0
1.0,0.0,0.0,0.0,0
1.0,0.0,0.0,0.0,0
1.0,0.0,0.0,0.0,0
1.0,0.0,0.0,0.0,0
1.0,0.0,0.0,0.0,0
1.0,0.0,0.0,0.0,0
1.0,0.0,0.0,0.0,0
1.0,0.0,0.0,0.0,0
1.0,0.0,0.0,0.0,0
1.0,0.0,0.0,0.0,0
1.0,0.0,0.0,0.0,0
1.0,0.0,0.0,0.0,0
1.0,0.0,0.0,0.0,0
1.0,0.0,0.0,0.0,0
1.0,0.0,0.0,0.0,0
1.0,0.0,0.0,0.0,0
1.0,0.0,0.0,0.0,0
1.0,0.0,0.0,0.0,0
1.0,0.0,0.0,0.0,0
1.0,0.0,0.0,0.0,0
1.0,0.0,0.0,0.0,0
1.0,0.0,0.0,0.0,0
1.0,0.0,0.0,0.0,0
1.0,0.0,0.0,0.0,0
1.0,0.0,0.0,0.0,0
1.0,0.0,0.0,0.0,0
1.0,0.0,0.0,0.0,0
1.0,0.0,0.0,0.0,0
1.0,0.0,0.0,0.0,0
1.0,0.0,0.0,0.0,0
1.0,0.0,0.0,0.0,0
1.0,0.0,0.0,0.0,0
1.0,0.0,0.0,0.0,0
1.0,0.0,0.0,0.0,0
1.0,0.0,0.0,0.0,0
1.0,0.0,0.0,0.0,0
1.0,0.0,0.0,0.0,0
1.0,0.0,0.0,0.0,0
1.0,0.0,0.0,0.0,0
1.0,0.0,0.0,0.0,0
1.0,0.0,0.0,0.0,0
1.0,0.0,0.0,0.0,0
1.0,0.0,0.0,0.0,0
1.0,0.0,0.0,0.0,0
1.0,0.0,0.0,0.0,0
1.0,0.0,0.0,0.0,0
1.0,0.0,0.0,0.0,0
1.0,0.0,0.0,0.0,0
1.0,0.0,0.0,0.0,0
1.0,0.0,0.0,0.0,0
1.0,0.0,0.0,0.0,0
1.0,0.0,0.0,0.0,0
1.0,0.0,0.0,0.0,0
1.0,0.0,0.0,0.0,0
1.0,0.0,0.0,0.0,0
1.0,0.0,0.0,0.0,0
1.0,0.0,0.0,0.0,0
1.0,0.0,0.0,0.0,0
1.0,0.0,0.0,0.0,0
1.0,0.0,0.0,0.0,0
1.0,0.0,0.0,0.0,0
1.0,0.0,0.0,0.0,0
1.0,0.0,0.0,0.0,0
1.0,0.0,0.0,0.0,0
1.0,0.0,0.0,0.0,0
1.0,0.0,0.0,0.0,0
1.0,0.0,0.0,0.0,0
1.0,0.0,0.0,0.0,0
1.0,0.0,0.0,0.0,0
1.0,0.0,0.0,0.0,0
1.0,0.0,0.0,0.0,0
1.0,0.0,0.0,0.0,0
1.0,0.0,0.0,0.0,0
1.0,0.0,0.0,0.0,0
1.0,0.0,0.0,0.0,0
1.0,0.0,0.0,0.0,0
1.0,0.0,0.0,0.0,0
1.0,0.0,0.0,0.0,0
1.0,0.0,0.0,0.0,0
1.0,0.0,0.0,0.0,0
1.0,0.0,0.0,0.0,0
1.0,0.0,0.0,0.0,0
1.0,0.0,0.0,0.0,0
1.0,0.0,0.0,0.0,0
1.0,0.0,0.0,0.0,0
1.0,0.0,0.0,0.0,0
1.0,0.0,0.0,0.0,0
1.0,0.0,0.0,0.0,0
1.0,0.0,0.0,0.0,0
1.0,0.0,0.0,0.0,0
1.0,0.0,0.0,0.0,0
1.0,0.0,0.0,0.0,0
1.0,0.0,0.0,0.0,0
1.0,0.0,0.0,0.0,0
1.0,0.0,0.0,0.0,0
1.0,0.0,0.0,0.0,0
1.0,0.0,0.0,0.0,0
1.0,0.0,0.0,0.0,0
1.0,0.0,0.0,0.0,0
1.0,0.0,0.0,0.0,0
1.0,0.0,0.0,0.0,0
1.0,0.0,0.0,0.0,0
1.0,0.0,0.0,0.0,0
1.0,0.0,0.0,0.0,0
1.0,0.0,0.0,0.0,0
1.0,0.0,0.0,0.0,0
1.0,0.0,0.0,0.0,0
1.0,0.0,0.0,0.0,0
1.0,0.0,0.0,0.0,0
1.0,0.0,0.0,0.0,0
1.0,0.0,0.0,0.0,0
1.0,0.0,0.0,0.0,0
1.0,0.0,0.0,0.0,0
1.0,0.0,0.0,0.0,0
1.0,0.0,0.0,0.0,0
1.0,0.0,0.0,0.0,0
1.0,0.0,0.0,0.0,0
1.0,0.0,0.0,0.0,0
1.0,0.0,0.0,0.0,0
1.0,0.0,0.0,0.0,0
1.0,0.0,0.0,0.0,0
1.0,0.0,0.0,0.0,0
1.0,0.0,0.0,0.0,0
1.0,0.0,0.0,0.0,0
1.0,0.0,0.0,0.0,0
1.0,0.0,0.0,0.0,0
1.0,0.0,0.0,0.0,0
1.0,0.0,0.0,0.0,0
1.0,0.0,0.0,0.0,0
1.0,0.0,0.0,0.0,0
1.0,0.0,0.0,0.0,0
1.0,0.0,0.0,0.0,0
1.0,0.0,0.0,0.0,0
1.0,0.0,0.0,0.0,0
1.0,0.0,0.0,0.0,0
1.0,0.0,0.0,0.0,0
1.0,0.0,0.0,0.0,0
1.0,0.0,0.0,0.0,0
1.0,0.0,0.0,0.0,0
1.0,0.0,0.0,0.0,0
1.0,0.0,0.0,0.0,0
1.0,0.0,0.0,0.0,0
1.0,0.0,0.0,0.0,0
1.0,0.0,0.0,0.0,0
1.0,0.0,0.0,0.0,0
1.0,0.0,0.0,0.0,0
1.0,0.0,0.0,0.0,0
1.0,0.0,0.0,0.0,0
1.0,0.0,0.0,0.0,0
1.0,0.0,0.0,0.0,0
1.0,0.0,0.0,0.0,0
1.0,0.0,0.0,0.0,0
1.0,0.0,0.0,0.0,0
1.0,0.0,0.0,0.0,0
1.0,0.0,0.0,0.0,0
1.0,0.0,0.0,0.0,0
1.0,0.0,0.0,0.0,0
1.0,0.0,0.0,0.0,0
1.0,0.0,0.0,0.0,0
1.0,0.0,0.0,0.0,0
1.0,0.0,0.0,0.0,0
1.0,0.0,0.0,0.0,0
1.0,0.0,0.0,0.0,0
1.0,0.0,0.0,0.0,0
1.0,0.0,0.0,0.0,0
1.0,0.0,0.0,0.0,0
1.0,0.0,0.0,0.0,0
1.0,0.0,0.0,0.0,0
1.0,0.0,0.0,0.0,0
1.0,0.0,0.0,0.0,0
1.0,0.0,0.0,0.0,0
1.0,0.0,0.0,0.0,0
1.0,0.0,0.0,0.0,0
1.0,0.0,0.0,0.0,0
1.0,0.0,0.0,0.0,0
1.0,0.0,0.0,0.0,0
1.0,0.0,0.0,0.0,0
1.0,0.0,0.0,0.0,0
1.0,0.0,0.0,0.0,0
1.0,0.0,0.0,0.0,0
1.0,0.0,0.0,0.0,0
1.0,0.0,0.0,0.0,0
1.0,0.0,0.0,0.0,0
1.0,0.0,0.0,0.0,0
1.0,0.0,0.0,0.0,0
1.0,0.0,0.0,0.0,0
1.0,0.0,0.0,0.0,0
1.0,0.0,0.0,0.0,0
1.0,0.0,0.0,0.0,0
1.0,0.0,0.0,0.0,0
1.0,0.0,0.0,0.0,0
1.0,0.0,0.0,0.0,0
1.0,0.0,0.0,0.0,0
1.0,0.0,0.0,0.0,0
1.0,0.0,0.0,0.0,0
1.0,0.0,0.0,0.0,0
1.0,0.0,0.0,0.0,0
1.0,0.0,0.0,0.0,0
1.0,0.0,0.0,0.0,0
1.0,0.0,0.0,0.0,0
1.0,0.0,0.0,0.0,0
1.0,0.0,0.0,0.0,0
1.0,0.0,0.0,0.0,0
1.0,0.0,0.0,0.0,0
1.0,0.0,0.0,0.0,0
1.0,0.0,0.0,0.0,0
1.0,0.0,0.0,0.0,0
1.0,0.0,0.0,0.0,0
1.0,0.0,0.0,0.0,0
1.0,0.0,0.0,0.0,0
1.0,0.0,0.0,0.0,0
1.0,0.0,0.0,0.0,0
1.0,0.0,0.0,0.0,0
1.0,0.0,0.0,0.0,0
1.0,0.0,0.0,0.0,0
1.0,0.0,0.0,0.0,0
1.0,0.0,0.0,0.0,0
1.0,0.0,0.0,0.0,0
1.0,0.0,0.0,0.0,0
1.0,0.0,0.0,0.0,0
1.0,0.0,0.0,0.0,0
1.0,0.0,0.0,0.0,0
1.0,0.0,0.0,0.0,0
1.0,0.0,0.0,0.0,0
1.0,0.0,0.0,0.0,0
1.0,0.0,0.0,0.0,0
1.0,0.0,0.0,0.0,0
1.0,0.0,0.0,0.0,0
1.0,0.0,0.0,0.0,0
1.0,0.0,0.0,0.0,0
1.0,0.0,0.0,0.0,0
1.0,0.0,0.0,0.0,0
1.0,0.0,0.0,0.0,0
1.0,0.0,0.0,0.0,0
1.0,0.0,0.0,0.0,0
1.0,0.0,0.0,0.0,0
1.0,0.0,0.0,0.0,0
1.0,0.0,0.0,0.0,0
1.0,0.0,0.0,0.0,0
1.0,0.0,0.0,0.0,0
1.0,0.0,0.0,0.0,0
1.0,0.0,0.0,0.0,0
1.0,0.0,0.0,0.0,0
1.0,0.0,0.0,0.0,0
1.0,0.0,0.0,0.0,0
1.0,0.0,0.0,0.0,0
1.0,0.0,0.0,0.0,0
1.0,0.0,0.0,0.0,0
1.0,0.0,0.0,0.0,0
1.0,0.0,0.0,0.0,0
1.0,0.0,0.0,0.0,0
1.0,0.0,0.0,0.0,0
1.0,0.0,0.0,0.0,0
1.0,0.0,0.0,0.0,0
1.0,0.0,0.0,0.0,0
1.0,0.0,0.0,0.0,0
1.0,0.0,0.0,0.0,0
1.0,0.0,0.0,0.0,0
1.0,0.0,0.0,0.0,0
1.0,0.0,0.0,0.0,0
1.0,0.0,0.0,0.0,0
1.0,0.0,0.0,0.0,0
1.0,0.0,0.0,0.0,0
1.0,0.0,0.0,0.0,0
1.0,0.0,0.0,0.0,0
1.0,0.0,0.0,0.0,0
1.0,0.0,0.0,0.0,0
1.0,0.0,0.0,0.0,0
1.0,0.0,0.0,0.0,0
1.0,0.0,0.0,0.0,0
1.0,0.0,0.0,0.0,0
1.0,0.0,0.0,0.0,0
1.0,0.0,0.0,0.0,0
1.0,0.0,0.0,0.0,0
1.0,0.0,0.0,0.0,0
1.0,0.0,0.0,0.0,0
1.0,0.0,0.0,0.0,0
1.0,0.0,0.0,0.0,0
1.0,0.0,0.0,0.0,0
1.0,0.0,0.0,0.0,0
1.0,0.0,0.0,0.0,0
1.0,0.0,0.0,0.0,0
1.0,0.0,0.0,0.0,0
1.0,0.0,0.0,0.0,0
1.0,0.0,0.0,0.0,0
1.0,0.0,0.0,0.0,0
1.0,0.0,0.0,0.0,0
1.0,0.0,0.0,0.0,0
1.0,0.0,0.0,0.0,0
1.0,0.0,0.0,0.0,0
1.0,0.0,0.0,0.0,0
1.0,0.0,0.0,0.0,0
1.0,0.0,0.0,0.0,0
1.0,0.0,0.0,0.0,0
1.0,0.0,0.0,0.0,0
1.0,0.0,0.0,0.0,0
1.0,0.0,0.0,0.0,0
1.0,0.0,0.0,0.0,0
1.0,0.0,0.0,0.0,0
1.0,0.0,0.0,0.0,0
1.0,0.0,0.0,0.0,0
1.0,0.0,0.0,0.0,0
1.0,0.0,0.0,0.0,0
1.0,0.0,0.0,0.0,0
1.0,0.0,0.0,0.0,0
1.0,0.0,0.0,0.0,0
1.0,0.0,0.0,0.0,0
1.0,0.0,0.0,0.0,0
1.0,0.0,0.0,0.0,0
1.0,0.0,0.0,0.0,0
1.0,0.0,0.0,0.0,0
1.0,0.0,0.0,0.0,0
1.0,0.0,0.0,0.0,0
1.0,0.0,0.0,0.0,0
1.0,0.0,0.0,0.0,0
1.0,0.0,0.0,0.0,0
1.0,0.0,0.0,0.0,0
1.0,0.0,0.0,0.0,0
1.0,0.0,0.0,0.0,0
1.0,0.0,0.0,0.0,0
1.0,0.0,0.0,0.0,0
1.0,0.0,0.0,0.0,0
1.0,0.0,0.0,0.0,0
1.0,0.0,0.0,0.0,0
1.0,0.0,0.0,0.0,0
1.0,0.0,0.0,0.0,0
1.0,0.0,0.0,0.0,0
1.0,0.0,0.0,0.0,0
1.0,0.0,0.0,0.0,0
1.0,0.0,0.0,0.0,0
1.0,0.0,0.0,0.0,0
1.0,0.0,0.0,0.0,0
1.0,0.0,0.0,0.0,0
1.0,0.0,0.0,0.0,0
1.0,0.0,0.0,0.0,0
1.0,0.0,0.0,0.0,0
1.0,0.0,0.0,0.0,0
1.0,0.0,0.0,0.0,0
1.0,0.0,0.0,0.0,0
1.0,0.0,0.0,0.0,0
1.0,0.0,0.0,0.0,0
1.0,0.0,0.0,0.0,0
1.0,0.0,0.0,0.0,0
1.0,0.0,0.0,0.0,0
1.0,0.0,0.0,0.0,0
1.0,0.0,0.0,0.0,0
1.0,0.0,0.0,0.0,0
1.0,0.0,0.0,0.0,0
1.0,0.0,0.0,0.0,0
1.0,0.0,0.0,0.0,0
1.0,0.0,0.0,0.0,0
1.0,0.0,0.0,0.0,0
1.0,0.0,0.0,0.0,0
1.0,0.0,0.0,0.0,0
1.0,0.0,0.0,0.0,0
1.0,0.0,0.0,0.0,0
1.0,0.0,0.0,0.0,0
1.0,0.0,0.0,0.0,0
1.0,0.0,0.0,0.0,0
1.0,0.0,0.0,0.0,0
1.0,0.0,0.0,0.0,0
1.0,0.0,0.0,0.0,0
1.0,0.0,0.0,0.0,0
1.0,0.0,0.0,0.0,0
1.0,0.0,0.0,0.0,0
1.0,0.0,0.0,0.0,0
1.0,0.0,0.0,0.0,0
1.0,0.0,0.0,0.0,0
1.0,0.0,0.0,0.0,0
1.0,0.0,0.0,0.0,0
1.0,0.0,0.0,0.0,0
1.0,0.0,0.0,0.0,0
1.0,0.0,0.0,0.0,0
1.0,0.0,0.0,0.0,0
1.0,0.0,0.0,0.0,0
1.0,0.0,0.0,0.0,0
1.0,0.0,0.0,0.0,0
1.0,0.0,0.0,0.0,0
1.0,0.0,0.0,0.0,0
1.0,0.0,0.0,0.0,0
1.0,0.0,0.0,0.0,0
1.0,0.0,0.0,0.0,0
1.0,0.0,0.0,0.0,0
1.0,0.0,0.0,0.0,0
1.0,0.0,0.0,0.0,0
1.0,0.0,0.0,0.0,0
1.0,0.0,0.0,0.0,0
1.0,0.0,0.0,0.0,0
1.0,0.0,0.0,0.0,0
1.0,0.0,0.0,0.0,0
1.0,0.0,0.0,0.0,0
1.0,0.0,0.0,0.0,0
1.0,0.0,0.0,0.0,0
1.0,0.0,0.0,0.0,0
1.0,0.0,0.0,0.0,0
1.0,0.0,0.0,0.0,0
1.0,0.0,0.0,0.0,0
1.0,0.0,0.0,0.0,0
1.0,0.0,0.0,0.0,0
1.0,0.0,0.0,0.0,0
1.0,0.0,0.0,0.0,0
1.0,0.0,0.0,0.0,0
1.0,0.0,0.0,0.0,0
1.0,0.0,0.0,0.0,0
